,Col1,Col2,Col3,Col4,Col5,Col6,Col7,Col8,Col9,Col10,Col11,Col12,Col13,Col14,Col15,Col16,Col17,Col18,Col19,Col20,Col21,Col22,Col23,Col24,Col25,Col26,Col27,Col28,Col29,Col30,Col31,Col32,Col33,Col34
P04075,0.99,0.97,0.97,0.96,0.91,0.86,0.82,0.44,0.07,0.03,1.0,0.14,0.95,0.29,0.82,1.0,0.08,1.0,0.15,0.29,0.28,0.03,0.06,0.09,0.04,0.99,1.0,0.58,0.83,0.88,0.93,0.99,0.99,0.99
P03833,0.99,0.97,0.97,0.96,0.91,0.86,0.82,0.07,0.48,0.07,1.0,0.14,0.95,0.29,0.82,1.0,0.41,1.0,0.15,0.29,0.28,0.09,0.06,0.08,0.04,0.99,1.0,0.58,0.83,0.88,0.93,0.99,0.99,0.99
P02485,0.99,0.97,0.97,0.96,0.91,0.86,0.82,0.07,0.48,0.07,1.0,0.14,0.95,0.29,0.82,1.0,0.41,1.0,0.15,0.29,0.28,0.09,0.06,0.08,0.09,0.99,1.0,0.58,0.83,0.88,0.93,0.99,0.99,0.99
P02986,0.99,0.97,0.97,0.96,0.91,0.86,0.82,0.07,0.48,0.07,1.0,0.14,0.95,0.29,0.82,1.0,0.41,1.0,0.15,0.1,0.28,0.09,0.03,0.03,0.03,0.99,1.0,0.58,0.83,0.88,0.93,0.99,0.99,0.99
P02942,0.99,0.97,0.97,0.96,0.91,0.86,0.82,0.05,0.14,0.87,1.0,0.47,0.95,0.09,0.82,1.0,0.41,1.0,0.07,0.06,0.03,0.27,0.49,0.24,0.21,0.99,1.0,0.58,0.83,0.88,0.93,0.99,0.99,0.99
P02944,0.99,0.97,0.97,0.96,0.91,0.86,0.82,0.05,0.14,0.87,1.0,0.47,0.95,0.15,0.82,1.0,0.05,1.0,0.07,0.04,0.07,0.27,0.49,0.24,0.21,0.99,1.0,0.13,0.83,0.88,0.93,0.99,0.99,0.99
P08378,0.99,0.97,0.97,0.96,0.91,0.86,0.82,0.01,0.03,0.87,1.0,0.03,0.95,0.09,0.01,1.0,0.01,1.0,0.04,0.29,0.28,0.01,0.49,0.06,0.07,0.99,1.0,0.13,0.01,0.0,0.93,0.99,0.99,0.99
P08383,0.99,0.97,0.97,0.96,0.91,0.86,0.82,0.44,0.48,0.87,1.0,0.47,0.95,0.02,0.82,1.0,0.21,1.0,0.02,0.11,0.27,0.27,0.49,0.24,0.21,0.99,1.0,0.58,0.83,0.88,0.93,0.99,0.99,0.99
P08385,0.99,0.97,0.97,0.96,0.91,0.86,0.82,0.44,0.48,0.87,1.0,0.47,0.95,0.02,0.82,1.0,0.21,1.0,0.03,0.11,0.27,0.27,0.49,0.24,0.21,0.99,1.0,0.58,0.83,0.88,0.93,0.99,0.99,0.99
P08389,0.99,0.97,0.97,0.96,0.91,0.86,0.82,0.44,0.48,0.87,1.0,0.47,0.95,0.02,0.82,1.0,0.21,1.0,0.03,0.11,0.27,0.27,0.49,0.24,0.21,0.99,1.0,0.01,0.83,0.88,0.93,0.99,0.99,0.99
P08391,0.99,0.97,0.97,0.96,0.91,0.86,0.05,0.05,0.14,0.87,1.0,0.47,0.95,0.29,0.82,1.0,0.41,1.0,0.07,0.16,0.03,0.27,0.49,0.24,0.2,0.99,1.0,0.58,0.83,0.88,0.93,0.99,0.99,0.99
P08395,0.99,0.97,0.97,0.96,0.91,0.86,0.82,0.44,0.05,0.87,1.0,0.47,0.95,0.07,0.82,1.0,0.21,1.0,0.11,0.0,0.08,0.27,0.49,0.24,0.21,0.99,1.0,0.05,0.83,0.88,0.93,0.99,0.99,0.99
P02501,0.99,0.97,0.97,0.96,0.91,0.86,0.82,0.44,0.07,0.87,1.0,0.47,0.95,0.29,0.82,1.0,0.41,1.0,0.22,0.11,0.27,0.27,0.06,0.2,0.08,0.99,1.0,0.58,0.83,0.88,0.93,0.99,0.99,0.99
P00015,0.99,0.97,0.97,0.96,0.91,0.86,0.82,0.06,0.48,0.87,1.0,0.47,0.95,0.29,0.82,1.0,0.41,1.0,0.22,0.11,0.27,0.27,0.06,0.2,0.08,0.99,1.0,0.58,0.83,0.88,0.93,0.99,0.99,0.99
P00017,0.99,0.97,0.97,0.96,0.91,0.86,0.82,0.06,0.48,0.87,1.0,0.47,0.95,0.29,0.82,1.0,0.41,1.0,0.04,0.11,0.08,0.27,0.49,0.2,0.08,0.99,1.0,0.58,0.83,0.88,0.93,0.99,0.99,0.99
P02748,0.99,0.97,0.97,0.96,0.91,0.03,0.05,0.16,0.14,0.87,1.0,0.47,0.95,0.23,0.82,1.0,0.41,1.0,0.11,0.16,0.27,0.27,0.49,0.07,0.05,0.99,1.0,0.06,0.01,0.04,0.93,0.99,0.99,0.99
P02752,0.99,0.97,0.97,0.96,0.91,0.86,0.82,0.16,0.14,0.87,1.0,0.47,0.95,0.23,0.82,1.0,0.41,1.0,0.11,0.16,0.27,0.27,0.49,0.07,0.05,0.99,1.0,0.06,0.01,0.04,0.93,0.99,0.99,0.99
P00404,0.99,0.97,0.97,0.96,0.91,0.86,0.82,0.44,0.48,0.87,1.0,0.47,0.95,0.09,0.82,1.0,0.21,1.0,0.04,0.11,0.07,0.27,0.04,0.2,0.08,0.99,1.0,0.58,0.83,0.88,0.93,0.99,0.99,0.99
P00095,0.99,0.97,0.97,0.96,0.91,0.86,0.82,0.44,0.48,0.87,1.0,0.47,0.95,0.09,0.82,1.0,0.21,1.0,0.04,0.11,0.07,0.27,0.49,0.2,0.07,0.99,1.0,0.58,0.83,0.88,0.93,0.99,0.99,0.99
P00407,0.99,0.97,0.97,0.96,0.91,0.86,0.82,0.44,0.48,0.87,1.0,0.47,0.95,0.09,0.82,1.0,0.21,1.0,0.04,0.11,0.07,0.27,0.04,0.02,0.08,0.99,1.0,0.58,0.83,0.88,0.93,0.99,0.99,0.99
P06679,0.99,0.97,0.97,0.96,0.91,0.86,0.82,0.44,0.02,0.87,1.0,0.06,0.01,0.23,0.82,1.0,0.41,1.0,0.11,0.02,0.27,0.27,0.49,0.0,0.05,0.99,0.0,0.58,0.83,0.88,0.93,0.99,0.99,0.99
P02531,0.99,0.97,0.97,0.96,0.91,0.86,0.82,0.44,0.14,0.87,1.0,0.03,0.95,0.29,0.82,1.0,0.41,1.0,0.04,0.16,0.08,0.27,0.49,0.24,0.21,0.99,1.0,0.58,0.83,0.88,0.93,0.99,0.99,0.99
P02483,0.99,0.97,0.97,0.96,0.91,0.86,0.82,0.16,0.02,0.87,1.0,0.02,0.95,0.07,0.05,1.0,0.21,1.0,0.02,0.29,0.28,0.13,0.08,0.03,0.02,0.99,1.0,0.58,0.83,0.88,0.93,0.99,0.99,0.99
P02635,0.99,0.97,0.97,0.96,0.91,0.86,0.82,0.44,0.48,0.87,1.0,0.47,0.95,0.29,0.82,1.0,0.41,1.0,0.12,0.16,0.27,0.27,0.49,0.2,0.2,0.99,1.0,0.58,0.83,0.88,0.93,0.99,0.99,0.99
P03713,0.99,0.97,0.97,0.96,0.91,0.86,0.82,0.01,0.03,0.87,1.0,0.03,0.95,0.07,0.05,1.0,0.03,1.0,0.22,0.29,0.28,0.13,0.08,0.03,0.03,0.99,1.0,0.58,0.83,0.88,0.93,0.99,0.99,0.99
P02905,0.99,0.97,0.97,0.96,0.91,0.86,0.01,0.01,0.03,0.87,1.0,0.02,0.95,0.09,0.82,1.0,0.21,1.0,0.03,0.03,0.07,0.09,0.49,0.24,0.09,0.99,1.0,0.01,0.83,0.88,0.93,0.99,0.99,0.99
P09066,0.99,0.97,0.97,0.96,0.91,0.86,0.82,0.06,0.48,0.87,1.0,0.47,0.95,0.29,0.82,1.0,0.41,1.0,0.15,0.16,0.27,0.27,0.49,0.24,0.21,0.99,1.0,0.58,0.83,0.88,0.93,0.99,0.99,0.99
P09068,0.99,0.97,0.97,0.96,0.91,0.86,0.82,0.06,0.48,0.87,1.0,0.47,0.95,0.09,0.82,1.0,0.21,1.0,0.03,0.11,0.08,0.27,0.49,0.02,0.07,0.99,1.0,0.13,0.83,0.88,0.93,0.99,0.99,0.99
P09070,0.99,0.97,0.97,0.01,0.01,0.0,0.01,0.06,0.03,0.87,1.0,0.06,0.95,0.09,0.82,1.0,0.21,1.0,0.04,0.03,0.02,0.09,0.49,0.24,0.08,0.99,1.0,0.01,0.83,0.88,0.93,0.99,0.99,0.99
P02907,0.99,0.97,0.97,0.96,0.91,0.86,0.82,0.06,0.48,0.87,1.0,0.47,0.95,0.29,0.82,1.0,0.41,1.0,0.22,0.16,0.27,0.27,0.49,0.24,0.21,0.99,1.0,0.58,0.83,0.88,0.93,0.99,0.99,0.99
P02911,0.99,0.97,0.97,0.96,0.91,0.86,0.82,0.44,0.48,0.87,1.0,0.47,0.95,0.29,0.82,1.0,0.41,1.0,0.12,0.16,0.27,0.27,0.49,0.24,0.21,0.99,1.0,0.58,0.83,0.88,0.93,0.99,0.99,0.99
P02913,0.99,0.97,0.97,0.96,0.91,0.86,0.01,0.01,0.14,0.87,1.0,0.01,0.95,0.09,0.82,1.0,0.21,1.0,0.03,0.03,0.02,0.09,0.49,0.24,0.2,0.99,1.0,0.01,0.83,0.88,0.93,0.99,0.99,0.99
P02990,0.99,0.97,0.97,0.96,0.91,0.86,0.82,0.07,0.48,0.07,1.0,0.14,0.95,0.29,0.82,1.0,0.41,1.0,0.15,0.29,0.28,0.09,0.06,0.08,0.09,0.99,1.0,0.58,0.83,0.88,0.93,0.99,0.99,0.99
P04667,0.99,0.97,0.97,0.96,0.01,0.03,0.01,0.03,0.03,0.87,1.0,0.47,0.95,0.01,0.01,1.0,0.03,1.0,0.22,0.1,0.27,0.09,0.49,0.07,0.2,0.99,1.0,0.58,0.83,0.88,0.93,0.99,0.99,0.99
P06515,0.99,0.97,0.97,0.96,0.91,0.86,0.82,0.06,0.48,0.87,1.0,0.47,0.95,0.09,0.82,1.0,0.41,1.0,0.12,0.16,0.03,0.27,0.06,0.2,0.21,0.99,1.0,0.04,0.83,0.88,0.93,0.99,0.99,0.99
P07501,0.99,0.97,0.97,0.96,0.91,0.86,0.82,0.44,0.48,0.87,1.0,0.47,0.95,0.23,0.82,1.0,0.41,1.0,0.03,0.06,0.27,0.27,0.49,0.07,0.0,0.99,1.0,0.58,0.83,0.88,0.93,0.99,0.99,0.99
P04668,0.99,0.97,0.97,0.96,0.91,0.86,0.82,0.44,0.01,0.87,1.0,0.47,0.95,0.23,0.82,1.0,0.41,1.0,0.07,0.02,0.01,0.27,0.49,0.02,0.2,0.99,1.0,0.04,0.83,0.88,0.93,0.99,0.99,0.99
P02930,0.99,0.97,0.97,0.96,0.91,0.86,0.01,0.05,0.48,0.87,1.0,0.02,0.95,0.23,0.82,1.0,0.41,1.0,0.01,0.29,0.28,0.13,0.06,0.07,0.08,0.99,1.0,0.58,0.83,0.88,0.93,0.99,0.99,0.99
P02932,0.99,0.97,0.97,0.96,0.91,0.86,0.0,0.05,0.48,0.87,1.0,0.02,0.95,0.23,0.82,1.0,0.41,1.0,0.01,0.29,0.28,0.13,0.06,0.07,0.08,0.99,1.0,0.13,0.83,0.88,0.93,0.99,0.99,0.99
P02934,0.99,0.97,0.97,0.96,0.91,0.01,0.0,0.07,0.48,0.87,1.0,0.02,0.95,0.23,0.82,1.0,0.08,1.0,0.01,0.29,0.28,0.13,0.03,0.01,0.08,0.99,1.0,0.02,0.83,0.88,0.93,0.99,0.99,0.99
P04575,0.99,0.97,0.97,0.96,0.91,0.86,0.82,0.44,0.48,0.87,1.0,0.02,0.95,0.15,0.0,1.0,0.01,1.0,0.03,0.02,0.27,0.27,0.49,0.2,0.2,0.99,1.0,0.58,0.83,0.88,0.93,0.99,0.99,0.99
P04578,0.99,0.97,0.97,0.96,0.91,0.86,0.82,0.44,0.07,0.03,1.0,0.14,0.95,0.0,0.0,0.0,0.41,1.0,0.02,0.29,0.28,0.03,0.01,0.03,0.0,0.99,1.0,0.05,0.01,0.88,0.93,0.99,0.99,0.99
P04580,0.99,0.97,0.97,0.96,0.91,0.86,0.82,0.44,0.48,0.87,1.0,0.03,0.95,0.09,0.82,1.0,0.21,1.0,0.22,0.16,0.03,0.01,0.49,0.01,0.07,0.99,1.0,0.04,0.83,0.88,0.93,0.99,0.99,0.99
P00026,0.99,0.97,0.97,0.96,0.91,0.86,0.82,0.44,0.48,0.87,1.0,0.47,0.95,0.0,0.82,1.0,0.21,1.0,0.22,0.16,0.03,0.09,0.08,0.06,0.07,0.99,1.0,0.58,0.83,0.88,0.93,0.99,0.99,0.99
P08508,0.99,0.97,0.97,0.01,0.01,0.01,0.01,0.16,0.03,0.87,1.0,0.47,0.95,0.23,0.82,1.0,0.41,1.0,0.01,0.16,0.02,0.27,0.04,0.2,0.21,0.99,1.0,0.58,0.83,0.88,0.93,0.99,0.99,0.99
P08509,0.99,0.97,0.97,0.01,0.01,0.01,0.01,0.16,0.03,0.87,1.0,0.47,0.95,0.23,0.82,1.0,0.06,1.0,0.01,0.02,0.02,0.27,0.06,0.2,0.21,0.99,1.0,0.58,0.83,0.88,0.93,0.99,0.99,0.99
P08609,0.99,0.97,0.97,0.96,0.91,0.86,0.82,0.07,0.14,0.87,1.0,0.02,0.95,0.23,0.82,1.0,0.02,1.0,0.02,0.29,0.28,0.13,0.04,0.07,0.08,0.99,1.0,0.04,0.83,0.88,0.93,0.99,0.99,0.99
P04083,0.99,0.97,0.97,0.96,0.91,0.86,0.82,0.07,0.48,0.07,1.0,0.14,0.95,0.29,0.82,1.0,0.41,1.0,0.15,0.29,0.28,0.09,0.06,0.08,0.09,0.99,1.0,0.58,0.83,0.88,0.93,0.99,0.99,0.99
P02571,0.99,0.97,0.97,0.96,0.91,0.86,0.82,0.05,0.02,0.87,1.0,0.47,0.01,0.03,0.03,1.0,0.04,1.0,0.04,0.03,0.07,0.13,0.08,0.09,0.03,0.99,1.0,0.05,0.83,0.88,0.93,0.99,0.99,0.99
P08101,0.99,0.97,0.97,0.96,0.91,0.86,0.82,0.01,0.01,0.87,1.0,0.01,0.95,0.09,0.82,1.0,0.03,1.0,0.22,0.03,0.08,0.27,0.49,0.09,0.21,0.99,1.0,0.01,0.05,0.88,0.93,0.99,0.99,0.99
P08102,0.99,0.97,0.97,0.96,0.01,0.01,0.02,0.05,0.14,0.87,1.0,0.06,0.95,0.15,0.82,1.0,0.21,1.0,0.11,0.07,0.27,0.27,0.02,0.24,0.03,0.99,1.0,0.03,0.01,0.0,0.93,0.99,0.99,0.99
P02572,0.99,0.97,0.97,0.96,0.91,0.86,0.82,0.44,0.48,0.87,1.0,0.06,0.01,0.07,0.01,1.0,0.04,1.0,0.11,0.06,0.02,0.27,0.03,0.02,0.08,0.99,1.0,0.13,0.05,0.01,0.01,0.99,0.99,0.99
P06430,0.99,0.97,0.97,0.96,0.91,0.86,0.82,0.01,0.07,0.87,1.0,0.47,0.95,0.09,0.82,1.0,0.41,1.0,0.22,0.07,0.08,0.27,0.01,0.2,0.21,0.99,1.0,0.58,0.05,0.88,0.93,0.99,0.99,0.99
P06431,0.99,0.97,0.97,0.96,0.91,0.86,0.82,0.44,0.48,0.87,1.0,0.06,0.01,0.29,0.01,1.0,0.04,1.0,0.11,0.06,0.02,0.27,0.03,0.02,0.08,0.99,1.0,0.13,0.05,0.01,0.01,0.99,0.99,0.99
P06432,0.99,0.97,0.97,0.96,0.0,0.01,0.01,0.01,0.05,0.87,1.0,0.03,0.01,0.03,0.03,1.0,0.04,1.0,0.04,0.11,0.07,0.09,0.01,0.01,0.03,0.99,1.0,0.05,0.01,0.01,0.93,0.99,0.99,0.99
P06516,0.99,0.97,0.97,0.96,0.01,0.01,0.02,0.01,0.02,0.87,1.0,0.03,0.01,0.03,0.03,1.0,0.04,1.0,0.04,0.11,0.07,0.09,0.01,0.01,0.03,0.99,1.0,0.05,0.01,0.0,0.0,0.99,0.99,0.99
P08099,0.99,0.97,0.97,0.96,0.91,0.01,0.02,0.04,0.14,0.87,1.0,0.03,0.95,0.07,0.82,1.0,0.21,1.0,0.11,0.16,0.02,0.27,0.02,0.02,0.03,0.99,1.0,0.58,0.83,0.88,0.93,0.99,0.99,0.99
P04149,0.99,0.97,0.97,0.96,0.91,0.86,0.82,0.44,0.07,0.87,1.0,0.01,0.95,0.03,0.03,1.0,0.02,1.0,0.04,0.29,0.28,0.13,0.08,0.06,0.01,0.99,1.0,0.0,0.83,0.88,0.93,0.99,0.99,0.99
P04150,0.99,0.01,0.02,0.01,0.02,0.01,0.05,0.44,0.01,0.87,1.0,0.03,0.0,0.29,0.03,1.0,0.02,1.0,0.04,0.29,0.28,0.27,0.49,0.06,0.07,0.99,1.0,0.58,0.83,0.88,0.93,0.99,0.99,0.99
P04004,0.99,0.0,0.0,0.01,0.0,0.01,0.02,0.03,0.01,0.87,1.0,0.03,0.0,0.0,0.82,1.0,0.06,1.0,0.04,0.03,0.0,0.01,0.03,0.24,0.02,0.0,1.0,0.05,0.01,0.01,0.93,0.99,0.99,0.99
P04139,0.99,0.01,0.02,0.01,0.02,0.01,0.05,0.44,0.01,0.87,1.0,0.03,0.01,0.29,0.03,1.0,0.02,1.0,0.04,0.29,0.28,0.27,0.49,0.06,0.07,0.99,1.0,0.13,0.01,0.01,0.93,0.99,0.99,0.99
P09071,0.99,0.97,0.97,0.96,0.91,0.86,0.82,0.44,0.48,0.87,1.0,0.47,0.95,0.15,0.82,1.0,0.05,1.0,0.04,0.29,0.02,0.01,0.03,0.06,0.07,0.99,1.0,0.58,0.83,0.88,0.93,0.99,0.99,0.99
P02921,0.99,0.0,0.01,0.01,0.01,0.01,0.01,0.05,0.48,0.87,1.0,0.47,0.95,0.23,0.82,1.0,0.06,1.0,0.04,0.16,0.03,0.27,0.49,0.24,0.21,0.99,1.0,0.58,0.83,0.88,0.93,0.99,0.99,0.99
P02994,0.99,0.97,0.97,0.96,0.91,0.86,0.82,0.44,0.48,0.07,1.0,0.14,0.95,0.29,0.82,1.0,0.41,1.0,0.15,0.29,0.28,0.01,0.03,0.09,0.09,0.99,1.0,0.58,0.83,0.88,0.93,0.99,0.99,0.99
P08016,0.99,0.97,0.97,0.96,0.91,0.86,0.82,0.07,0.48,0.07,1.0,0.14,0.95,0.29,0.82,1.0,0.41,1.0,0.15,0.29,0.28,0.09,0.06,0.08,0.09,0.99,1.0,0.58,0.83,0.88,0.93,0.99,0.99,0.99
P08017,0.99,0.97,0.97,0.96,0.91,0.86,0.82,0.44,0.48,0.87,1.0,0.47,0.95,0.23,0.82,1.0,0.06,1.0,0.04,0.06,0.03,0.27,0.49,0.07,0.0,0.99,1.0,0.58,0.83,0.88,0.93,0.99,0.99,0.99
P02938,0.99,0.97,0.97,0.96,0.91,0.86,0.82,0.44,0.48,0.87,1.0,0.47,0.95,0.23,0.82,1.0,0.06,1.0,0.04,0.06,0.03,0.27,0.04,0.07,0.21,0.99,1.0,0.58,0.83,0.88,0.93,0.99,0.99,0.99
P04092,0.99,0.97,0.97,0.96,0.91,0.86,0.82,0.44,0.07,0.03,1.0,0.14,0.95,0.29,0.82,1.0,0.41,1.0,0.22,0.29,0.28,0.0,0.03,0.09,0.04,0.99,1.0,0.58,0.83,0.88,0.93,0.99,0.99,0.99
P01558,0.99,0.97,0.97,0.96,0.91,0.86,0.82,0.44,0.48,0.07,1.0,0.14,0.95,0.29,0.82,1.0,0.41,1.0,0.15,0.29,0.28,0.09,0.03,0.09,0.09,0.99,1.0,0.58,0.83,0.88,0.93,0.99,0.99,0.99
P00594,0.99,0.97,0.97,0.96,0.91,0.86,0.82,0.44,0.07,0.03,1.0,0.14,0.95,0.29,0.82,1.0,0.41,1.0,0.15,0.29,0.28,0.09,0.03,0.09,0.09,0.99,1.0,0.58,0.83,0.88,0.93,0.99,0.99,0.99
P05348,0.99,0.97,0.97,0.96,0.91,0.86,0.82,0.44,0.07,0.03,1.0,0.14,0.95,0.29,0.82,1.0,0.41,1.0,0.15,0.29,0.28,0.09,0.06,0.08,0.04,0.99,1.0,0.58,0.83,0.88,0.93,0.99,0.99,0.99
P04091,0.99,0.97,0.97,0.96,0.91,0.86,0.82,0.44,0.07,0.03,1.0,0.14,0.95,0.29,0.82,1.0,0.41,1.0,0.15,0.29,0.28,0.09,0.03,0.08,0.03,0.99,1.0,0.58,0.83,0.88,0.93,0.99,0.99,0.99
P02901,0.99,0.97,0.97,0.96,0.91,0.86,0.82,0.07,0.48,0.07,1.0,0.14,0.95,0.29,0.82,1.0,0.41,1.0,0.15,0.29,0.28,0.09,0.06,0.08,0.09,0.99,1.0,0.58,0.83,0.88,0.93,0.99,0.99,0.99
addD1,0.99,0.97,0.97,0.96,0.91,0.86,0.82,0.16,0.48,0.07,1.0,0.14,0.95,0.29,0.82,1.0,0.41,1.0,0.15,0.29,0.28,0.09,0.06,0.08,0.09,0.99,1.0,0.58,0.83,0.88,0.93,0.99,0.99,0.99
P04090,0.99,0.97,0.97,0.96,0.91,0.86,0.82,0.44,0.48,0.07,1.0,0.14,0.95,0.29,0.82,1.0,0.41,1.0,0.15,0.1,0.28,0.09,0.03,0.08,0.03,0.99,1.0,0.58,0.83,0.88,0.93,0.99,0.99,0.99
P05353,0.99,0.97,0.97,0.96,0.91,0.86,0.82,0.07,0.48,0.07,1.0,0.14,0.95,0.29,0.82,1.0,0.41,1.0,0.15,0.29,0.28,0.09,0.03,0.09,0.09,0.99,1.0,0.58,0.83,0.88,0.93,0.99,0.99,0.99
P05351,0.99,0.97,0.97,0.96,0.91,0.86,0.82,0.16,0.48,0.07,1.0,0.14,0.95,0.29,0.82,1.0,0.41,1.0,0.15,0.29,0.28,0.09,0.03,0.09,0.09,0.99,1.0,0.58,0.83,0.88,0.93,0.99,0.99,0.99
P06415,0.99,0.97,0.97,0.96,0.91,0.86,0.82,0.03,0.05,0.87,1.0,0.05,0.95,0.04,0.03,1.0,0.41,1.0,0.04,0.04,0.02,0.27,0.49,0.24,0.21,0.99,1.0,0.13,0.83,0.88,0.93,0.99,0.99,0.99
P06418,0.99,0.97,0.97,0.96,0.91,0.86,0.82,0.01,0.48,0.87,1.0,0.01,0.95,0.09,0.82,1.0,0.01,1.0,0.22,0.03,0.27,0.27,0.49,0.24,0.21,0.99,1.0,0.13,0.83,0.88,0.93,0.99,0.99,0.99
P06419,0.99,0.97,0.97,0.96,0.91,0.86,0.82,0.01,0.48,0.87,1.0,0.01,0.95,0.03,0.82,1.0,0.01,1.0,0.22,0.03,0.27,0.02,0.49,0.24,0.21,0.99,1.0,0.13,0.83,0.88,0.93,0.99,0.99,0.99
P06420,0.99,0.97,0.97,0.96,0.91,0.86,0.82,0.16,0.05,0.87,1.0,0.02,0.95,0.02,0.02,1.0,0.08,1.0,0.04,0.07,0.02,0.09,0.49,0.24,0.08,0.99,1.0,0.13,0.05,0.88,0.93,0.99,0.99,0.99
P06421,0.99,0.97,0.97,0.96,0.91,0.86,0.82,0.01,0.14,0.87,1.0,0.47,0.95,0.09,0.82,1.0,0.41,1.0,0.22,0.01,0.07,0.27,0.49,0.24,0.21,0.99,1.0,0.13,0.83,0.88,0.93,0.99,0.99,0.99
P04933,0.99,0.97,0.97,0.96,0.91,0.86,0.82,0.04,0.07,0.87,1.0,0.47,0.95,0.03,0.02,1.0,0.02,1.0,0.12,0.29,0.28,0.13,0.08,0.07,0.08,0.99,1.0,0.06,0.03,0.01,0.01,0.99,0.99,0.99
P04084,0.99,0.97,0.97,0.96,0.91,0.86,0.82,0.04,0.48,0.87,1.0,0.47,0.95,0.29,0.82,1.0,0.06,1.0,0.07,0.06,0.27,0.27,0.49,0.03,0.05,0.99,1.0,0.06,0.83,0.88,0.93,0.99,0.99,0.99
P04085,0.99,0.97,0.97,0.96,0.91,0.86,0.82,0.44,0.48,0.87,1.0,0.47,0.95,0.23,0.82,1.0,0.06,1.0,0.04,0.16,0.03,0.27,0.04,0.09,0.05,0.99,1.0,0.58,0.83,0.88,0.93,0.99,0.99,0.99
P04086,0.99,0.97,0.97,0.96,0.91,0.86,0.82,0.06,0.48,0.87,1.0,0.47,0.95,0.29,0.82,1.0,0.06,1.0,0.03,0.01,0.27,0.27,0.49,0.03,0.05,0.99,1.0,0.06,0.83,0.88,0.93,0.99,0.99,0.99
P04087,0.99,0.97,0.97,0.96,0.91,0.86,0.82,0.06,0.48,0.87,1.0,0.47,0.95,0.29,0.82,1.0,0.06,1.0,0.07,0.06,0.27,0.27,0.49,0.03,0.05,0.99,1.0,0.06,0.83,0.88,0.93,0.99,0.99,0.99
P04070,0.99,0.97,0.97,0.96,0.91,0.86,0.82,0.05,0.48,0.87,1.0,0.02,0.95,0.23,0.82,1.0,0.41,1.0,0.15,0.29,0.28,0.13,0.03,0.07,0.08,0.99,1.0,0.13,0.83,0.88,0.93,0.99,0.99,0.99
P05262,0.99,0.97,0.97,0.96,0.91,0.86,0.82,0.16,0.14,0.87,1.0,0.47,0.95,0.23,0.82,1.0,0.21,1.0,0.22,0.07,0.02,0.27,0.49,0.24,0.05,0.99,1.0,0.58,0.83,0.88,0.93,0.99,0.99,0.99
P05268,0.99,0.97,0.97,0.96,0.91,0.86,0.02,0.16,0.07,0.87,1.0,0.03,0.95,0.15,0.82,1.0,0.21,1.0,0.22,0.04,0.07,0.27,0.02,0.2,0.2,0.99,1.0,0.02,0.83,0.88,0.93,0.99,0.99,0.99
P05269,0.99,0.97,0.97,0.96,0.91,0.86,0.82,0.44,0.48,0.87,1.0,0.03,0.95,0.23,0.82,1.0,0.08,1.0,0.12,0.03,0.02,0.02,0.49,0.09,0.05,0.99,1.0,0.02,0.83,0.88,0.93,0.99,0.99,0.99
P05270,0.99,0.97,0.97,0.96,0.91,0.86,0.82,0.44,0.48,0.87,1.0,0.06,0.95,0.15,0.82,1.0,0.08,1.0,0.12,0.03,0.03,0.01,0.49,0.09,0.03,0.99,1.0,0.02,0.83,0.88,0.93,0.99,0.99,0.99
P05271,0.99,0.97,0.97,0.96,0.91,0.86,0.82,0.44,0.48,0.87,1.0,0.05,0.95,0.15,0.82,1.0,0.08,1.0,0.12,0.03,0.02,0.01,0.49,0.08,0.03,0.99,1.0,0.0,0.83,0.88,0.93,0.99,0.99,0.99
P05254,0.99,0.97,0.97,0.96,0.91,0.86,0.01,0.01,0.14,0.87,1.0,0.03,0.95,0.29,0.82,1.0,0.21,1.0,0.11,0.01,0.07,0.03,0.49,0.2,0.21,0.99,1.0,0.13,0.83,0.88,0.93,0.99,0.99,0.99
P05255,0.99,0.97,0.97,0.96,0.91,0.86,0.82,0.44,0.48,0.87,1.0,0.47,0.95,0.29,0.82,1.0,0.41,1.0,0.22,0.1,0.27,0.27,0.49,0.07,0.2,0.99,1.0,0.58,0.83,0.88,0.93,0.99,0.99,0.99
P05256,0.99,0.97,0.97,0.96,0.02,0.02,0.05,0.04,0.03,0.87,1.0,0.47,0.95,0.15,0.82,1.0,0.05,1.0,0.12,0.1,0.02,0.27,0.06,0.24,0.03,0.99,1.0,0.58,0.83,0.88,0.93,0.99,0.99,0.99
P05257,0.99,0.97,0.97,0.96,0.0,0.02,0.02,0.04,0.01,0.87,1.0,0.02,0.95,0.15,0.82,1.0,0.05,1.0,0.12,0.1,0.07,0.27,0.06,0.07,0.03,0.99,1.0,0.58,0.83,0.88,0.93,0.99,0.99,0.99
P05258,0.99,0.97,0.97,0.96,0.91,0.86,0.82,0.16,0.14,0.87,1.0,0.47,0.95,0.15,0.82,1.0,0.05,1.0,0.22,0.16,0.07,0.27,0.06,0.2,0.21,0.99,1.0,0.58,0.83,0.88,0.93,0.99,0.99,0.99
P05261,0.99,0.97,0.97,0.96,0.91,0.86,0.82,0.16,0.07,0.87,1.0,0.47,0.95,0.09,0.82,1.0,0.41,1.0,0.15,0.11,0.27,0.27,0.49,0.24,0.2,0.99,1.0,0.13,0.83,0.88,0.93,0.99,0.99,0.99
P03001,0.99,0.97,0.97,0.96,0.91,0.86,0.82,0.16,0.07,0.87,1.0,0.47,0.95,0.23,0.82,1.0,0.41,1.0,0.07,0.16,0.27,0.27,0.49,0.03,0.2,0.99,1.0,0.58,0.83,0.88,0.93,0.99,0.99,0.99
P08455,0.99,0.97,0.97,0.96,0.91,0.01,0.02,0.05,0.48,0.87,1.0,0.02,0.95,0.29,0.82,1.0,0.41,1.0,0.15,0.29,0.28,0.13,0.06,0.07,0.08,0.99,1.0,0.58,0.83,0.88,0.93,0.99,0.99,0.99
P08471,0.99,0.97,0.97,0.96,0.91,0.86,0.82,0.16,0.05,0.87,1.0,0.05,0.95,0.15,0.82,1.0,0.08,1.0,0.11,0.07,0.27,0.27,0.49,0.24,0.21,0.99,1.0,0.01,0.83,0.88,0.93,0.99,0.99,0.99
P06433,0.99,0.97,0.97,0.96,0.91,0.86,0.82,0.16,0.48,0.87,1.0,0.47,0.95,0.01,0.82,1.0,0.08,1.0,0.12,0.16,0.27,0.27,0.49,0.2,0.2,0.99,1.0,0.13,0.05,0.88,0.93,0.99,0.99,0.99
P06434,0.99,0.97,0.97,0.96,0.91,0.86,0.82,0.16,0.14,0.87,1.0,0.47,0.95,0.23,0.82,1.0,0.08,1.0,0.22,0.07,0.07,0.27,0.49,0.24,0.2,0.99,1.0,0.58,0.83,0.88,0.93,0.99,0.99,0.99
P06435,0.99,0.02,0.02,0.01,0.01,0.01,0.02,0.04,0.14,0.87,1.0,0.06,0.95,0.23,0.82,1.0,0.01,1.0,0.04,0.29,0.28,0.13,0.03,0.02,0.04,0.99,1.0,0.58,0.83,0.88,0.93,0.99,0.99,0.99
P06436,0.99,0.97,0.97,0.96,0.91,0.86,0.82,0.01,0.48,0.87,1.0,0.01,0.95,0.03,0.82,1.0,0.01,1.0,0.22,0.03,0.27,0.02,0.49,0.24,0.21,0.99,1.0,0.13,0.83,0.88,0.93,0.99,0.99,0.99
P06437,0.99,0.02,0.02,0.01,0.01,0.01,0.02,0.04,0.14,0.87,1.0,0.06,0.95,0.15,0.82,1.0,0.01,1.0,0.04,0.29,0.28,0.13,0.03,0.02,0.04,0.99,1.0,0.58,0.83,0.88,0.93,0.99,0.99,0.99
P04936,0.99,0.97,0.97,0.96,0.91,0.86,0.82,0.03,0.07,0.87,1.0,0.05,0.95,0.02,0.05,1.0,0.02,1.0,0.12,0.29,0.28,0.13,0.08,0.02,0.08,0.99,1.0,0.02,0.03,0.01,0.01,0.01,0.01,0.01
P04955,0.99,0.97,0.97,0.96,0.91,0.86,0.82,0.03,0.07,0.87,1.0,0.05,0.95,0.02,0.05,1.0,0.02,1.0,0.12,0.29,0.28,0.13,0.08,0.02,0.08,0.99,1.0,0.02,0.03,0.01,0.01,0.01,0.01,0.01
P04967,0.99,0.97,0.97,0.96,0.91,0.86,0.82,0.03,0.07,0.87,1.0,0.01,0.95,0.04,0.05,1.0,0.02,1.0,0.12,0.29,0.28,0.13,0.08,0.02,0.08,0.99,1.0,0.02,0.03,0.01,0.01,0.01,0.01,0.01
P04968,0.99,0.97,0.97,0.96,0.91,0.86,0.82,0.04,0.07,0.87,1.0,0.01,0.95,0.04,0.05,1.0,0.02,1.0,0.12,0.29,0.28,0.13,0.08,0.02,0.08,0.99,1.0,0.02,0.03,0.01,0.01,0.01,0.01,0.01
P04935,0.99,0.97,0.97,0.96,0.91,0.86,0.82,0.04,0.07,0.87,1.0,0.47,0.95,0.03,0.02,1.0,0.02,1.0,0.12,0.29,0.28,0.13,0.08,0.07,0.08,0.99,1.0,0.06,0.03,0.01,0.01,0.99,0.99,0.99
P06438,0.99,0.97,0.97,0.96,0.91,0.86,0.82,0.03,0.05,0.87,1.0,0.05,0.95,0.04,0.03,1.0,0.41,1.0,0.04,0.04,0.02,0.27,0.49,0.24,0.21,0.99,1.0,0.13,0.83,0.88,0.93,0.99,0.99,0.99
P06439,0.99,0.97,0.97,0.96,0.91,0.86,0.82,0.44,0.48,0.87,1.0,0.47,0.95,0.15,0.82,1.0,0.21,1.0,0.22,0.02,0.07,0.27,0.08,0.06,0.07,0.99,1.0,0.58,0.83,0.88,0.93,0.99,0.99,0.99
P06440,0.99,0.97,0.97,0.96,0.91,0.86,0.82,0.44,0.48,0.87,1.0,0.47,0.95,0.23,0.82,1.0,0.21,1.0,0.22,0.02,0.03,0.27,0.49,0.02,0.07,0.99,1.0,0.58,0.83,0.88,0.93,0.99,0.99,0.99
P00050,0.99,0.97,0.97,0.96,0.91,0.86,0.05,0.16,0.07,0.87,1.0,0.01,0.95,0.29,0.82,1.0,0.03,1.0,0.07,0.02,0.08,0.27,0.49,0.03,0.2,0.99,1.0,0.58,0.83,0.88,0.93,0.99,0.99,0.99
P04069,0.99,0.97,0.97,0.96,0.91,0.01,0.02,0.05,0.48,0.87,1.0,0.02,0.95,0.23,0.82,1.0,0.41,1.0,0.01,0.29,0.28,0.13,0.06,0.07,0.08,0.99,1.0,0.58,0.83,0.88,0.93,0.99,0.99,0.99
P07538,0.99,0.97,0.97,0.96,0.91,0.0,0.02,0.04,0.48,0.87,1.0,0.02,0.95,0.29,0.82,1.0,0.41,1.0,0.15,0.29,0.28,0.13,0.06,0.07,0.08,0.99,1.0,0.58,0.83,0.88,0.93,0.99,0.99,0.99
P00405,0.99,0.97,0.97,0.96,0.91,0.86,0.82,0.44,0.48,0.87,1.0,0.47,0.95,0.15,0.82,1.0,0.05,1.0,0.07,0.02,0.27,0.27,0.49,0.2,0.08,0.99,1.0,0.58,0.83,0.88,0.93,0.99,0.99,0.99
P04507,0.01,0.02,0.02,0.01,0.01,0.03,0.05,0.16,0.02,0.87,1.0,0.05,0.95,0.07,0.05,1.0,0.21,1.0,0.02,0.29,0.28,0.13,0.08,0.03,0.02,0.99,1.0,0.58,0.83,0.88,0.93,0.99,0.99,0.99
P04644,0.99,0.97,0.97,0.96,0.91,0.86,0.82,0.44,0.48,0.87,1.0,0.47,0.95,0.23,0.82,1.0,0.41,1.0,0.02,0.06,0.07,0.27,0.49,0.07,0.21,0.99,1.0,0.58,0.83,0.88,0.93,0.99,0.99,0.99
P06660,0.99,0.97,0.97,0.96,0.91,0.86,0.82,0.44,0.01,0.87,1.0,0.03,0.95,0.23,0.82,1.0,0.01,1.0,0.12,0.29,0.28,0.13,0.06,0.03,0.01,0.99,1.0,0.03,0.83,0.88,0.93,0.99,0.99,0.99
P06401,0.99,0.97,0.97,0.96,0.91,0.01,0.01,0.04,0.14,0.87,1.0,0.47,0.95,0.29,0.82,1.0,0.41,1.0,0.01,0.1,0.02,0.27,0.49,0.2,0.08,0.99,1.0,0.04,0.83,0.88,0.93,0.99,0.99,0.99
P06402,0.99,0.97,0.97,0.96,0.91,0.86,0.82,0.44,0.48,0.87,1.0,0.47,0.95,0.15,0.82,1.0,0.21,1.0,0.11,0.02,0.07,0.27,0.06,0.2,0.21,0.99,1.0,0.58,0.83,0.88,0.93,0.99,0.99,0.99
P06403,0.99,0.97,0.97,0.96,0.91,0.86,0.82,0.44,0.07,0.87,1.0,0.03,0.95,0.23,0.82,1.0,0.21,1.0,0.22,0.29,0.28,0.13,0.06,0.03,0.04,0.99,1.0,0.06,0.83,0.88,0.93,0.99,0.99,0.99
P06404,0.99,0.97,0.97,0.96,0.91,0.86,0.82,0.16,0.07,0.87,1.0,0.47,0.95,0.23,0.82,1.0,0.08,1.0,0.22,0.07,0.07,0.27,0.49,0.24,0.2,0.99,1.0,0.58,0.83,0.88,0.93,0.99,0.99,0.99
P02826,0.99,0.97,0.0,0.0,0.02,0.0,0.01,0.04,0.0,0.87,1.0,0.05,0.95,0.03,0.01,1.0,0.04,1.0,0.07,0.29,0.07,0.0,0.02,0.07,0.05,0.99,1.0,0.01,0.01,0.01,0.93,0.99,0.99,0.99
P05706,0.99,0.97,0.97,0.96,0.91,0.86,0.82,0.44,0.48,0.87,1.0,0.47,0.95,0.29,0.82,1.0,0.41,1.0,0.12,0.1,0.27,0.27,0.49,0.24,0.08,0.99,1.0,0.06,0.01,0.88,0.93,0.99,0.99,0.99
P05710,0.99,0.97,0.97,0.96,0.91,0.86,0.82,0.44,0.01,0.87,1.0,0.03,0.95,0.04,0.01,1.0,0.08,1.0,0.03,0.03,0.27,0.27,0.06,0.2,0.05,0.99,1.0,0.58,0.83,0.88,0.93,0.99,0.99,0.99
P04098,0.99,0.97,0.97,0.96,0.91,0.86,0.82,0.06,0.48,0.87,1.0,0.47,0.95,0.29,0.82,1.0,0.06,1.0,0.03,0.16,0.27,0.09,0.49,0.03,0.2,0.99,1.0,0.06,0.83,0.88,0.93,0.99,0.99,0.99
P04099,0.99,0.97,0.97,0.96,0.91,0.86,0.82,0.44,0.07,0.03,1.0,0.14,0.95,0.29,0.82,1.0,0.41,1.0,0.15,0.29,0.28,0.03,0.06,0.09,0.04,0.99,1.0,0.58,0.83,0.88,0.93,0.99,0.99,0.99
P08209,0.99,0.97,0.97,0.96,0.91,0.86,0.82,0.01,0.07,0.87,1.0,0.47,0.95,0.09,0.82,1.0,0.41,1.0,0.22,0.07,0.08,0.27,0.01,0.2,0.21,0.99,1.0,0.58,0.05,0.88,0.93,0.99,0.99,0.99
P08261,0.99,0.97,0.97,0.96,0.91,0.86,0.82,0.16,0.05,0.87,1.0,0.05,0.95,0.23,0.82,1.0,0.08,1.0,0.11,0.07,0.27,0.27,0.49,0.24,0.08,0.99,1.0,0.58,0.83,0.88,0.93,0.99,0.99,0.99
P00074,0.99,0.97,0.97,0.96,0.91,0.86,0.82,0.44,0.07,0.02,1.0,0.14,0.95,0.23,0.82,1.0,0.41,1.0,0.15,0.29,0.28,0.03,0.06,0.09,0.09,0.99,1.0,0.58,0.83,0.88,0.93,0.99,0.99,0.99
P00022,0.99,0.97,0.97,0.96,0.91,0.86,0.82,0.44,0.07,0.02,1.0,0.14,0.95,0.23,0.82,1.0,0.41,1.0,0.15,0.29,0.28,0.03,0.06,0.09,0.09,0.99,1.0,0.13,0.01,0.88,0.93,0.99,0.99,0.99
P02982,0.99,0.97,0.97,0.96,0.91,0.86,0.82,0.44,0.07,0.02,1.0,0.14,0.95,0.23,0.82,1.0,0.41,1.0,0.15,0.29,0.28,0.03,0.06,0.09,0.09,0.99,1.0,0.01,0.05,0.88,0.93,0.99,0.99,0.99
P00132,0.99,0.97,0.97,0.96,0.91,0.86,0.82,0.44,0.48,0.87,1.0,0.47,0.95,0.29,0.82,1.0,0.41,1.0,0.22,0.1,0.27,0.27,0.06,0.07,0.2,0.99,1.0,0.58,0.83,0.88,0.93,0.99,0.99,0.99
P00098,0.99,0.97,0.97,0.96,0.91,0.03,0.05,0.16,0.14,0.87,1.0,0.47,0.95,0.23,0.82,1.0,0.41,1.0,0.11,0.16,0.27,0.27,0.49,0.07,0.05,0.99,1.0,0.58,0.83,0.88,0.93,0.99,0.99,0.99
P00024,0.99,0.97,0.97,0.96,0.91,0.86,0.82,0.44,0.07,0.02,1.0,0.14,0.95,0.29,0.82,1.0,0.41,1.0,0.15,0.29,0.28,0.09,0.06,0.08,0.09,0.99,1.0,0.58,0.83,0.88,0.93,0.99,0.99,0.99
P08724,0.99,0.97,0.97,0.96,0.91,0.86,0.82,0.16,0.02,0.87,1.0,0.02,0.95,0.07,0.05,1.0,0.21,1.0,0.02,0.29,0.28,0.13,0.08,0.03,0.02,0.99,1.0,0.58,0.83,0.88,0.93,0.99,0.99,0.99
P04646,0.01,0.02,0.02,0.01,0.01,0.03,0.05,0.16,0.02,0.87,1.0,0.05,0.95,0.07,0.05,1.0,0.21,1.0,0.02,0.29,0.28,0.13,0.08,0.03,0.02,0.99,1.0,0.58,0.83,0.88,0.93,0.99,0.99,0.99
P00010,0.99,0.97,0.97,0.96,0.91,0.86,0.82,0.44,0.48,0.87,1.0,0.47,0.95,0.15,0.82,1.0,0.05,1.0,0.04,0.29,0.02,0.01,0.03,0.06,0.07,0.99,1.0,0.58,0.83,0.88,0.93,0.99,0.99,0.99
P02586,0.99,0.97,0.97,0.96,0.91,0.86,0.82,0.44,0.03,0.87,1.0,0.47,0.95,0.15,0.02,1.0,0.05,1.0,0.04,0.29,0.02,0.01,0.03,0.06,0.07,0.99,1.0,0.58,0.83,0.88,0.93,0.99,0.99,0.99
P02617,0.99,0.97,0.97,0.96,0.91,0.86,0.82,0.44,0.02,0.87,1.0,0.02,0.95,0.07,0.05,1.0,0.21,1.0,0.02,0.29,0.28,0.13,0.08,0.03,0.02,0.99,1.0,0.58,0.83,0.88,0.93,0.99,0.99,0.99
P04071,0.99,0.97,0.97,0.96,0.91,0.86,0.82,0.05,0.48,0.87,1.0,0.02,0.95,0.23,0.82,1.0,0.41,1.0,0.01,0.29,0.28,0.13,0.06,0.07,0.08,0.99,1.0,0.13,0.83,0.88,0.93,0.99,0.99,0.99
P04072,0.99,0.97,0.97,0.96,0.91,0.86,0.82,0.05,0.48,0.87,1.0,0.02,0.95,0.23,0.82,1.0,0.41,1.0,0.15,0.29,0.28,0.13,0.06,0.07,0.08,0.99,1.0,0.58,0.83,0.88,0.93,0.99,0.99,0.99
P05272,0.99,0.97,0.97,0.96,0.91,0.02,0.0,0.16,0.02,0.87,1.0,0.47,0.95,0.23,0.82,1.0,0.21,1.0,0.22,0.29,0.28,0.13,0.06,0.03,0.03,0.99,1.0,0.0,0.83,0.88,0.93,0.99,0.99,0.99
P05281,0.99,0.97,0.97,0.96,0.91,0.86,0.82,0.44,0.48,0.87,1.0,0.47,0.95,0.29,0.82,1.0,0.41,1.0,0.22,0.1,0.27,0.27,0.49,0.07,0.2,0.99,1.0,0.58,0.83,0.88,0.93,0.99,0.99,0.99
P05282,0.99,0.97,0.97,0.96,0.91,0.86,0.82,0.44,0.48,0.87,1.0,0.47,0.95,0.29,0.82,1.0,0.41,1.0,0.22,0.1,0.27,0.27,0.49,0.07,0.2,0.99,1.0,0.05,0.83,0.88,0.93,0.99,0.99,0.99
P05283,0.99,0.97,0.97,0.96,0.91,0.86,0.82,0.44,0.48,0.87,1.0,0.47,0.95,0.29,0.82,1.0,0.06,1.0,0.12,0.11,0.01,0.01,0.49,0.06,0.2,0.99,1.0,0.58,0.83,0.88,0.93,0.99,0.99,0.99
P05284,0.99,0.97,0.97,0.96,0.91,0.86,0.82,0.44,0.48,0.87,1.0,0.47,0.95,0.23,0.01,1.0,0.41,1.0,0.22,0.1,0.27,0.27,0.01,0.07,0.2,0.99,1.0,0.58,0.83,0.88,0.93,0.99,0.99,0.99
P05285,0.99,0.97,0.97,0.96,0.91,0.86,0.82,0.44,0.48,0.87,1.0,0.47,0.95,0.23,0.82,1.0,0.41,1.0,0.22,0.1,0.08,0.27,0.03,0.07,0.2,0.99,1.0,0.58,0.83,0.88,0.93,0.99,0.99,0.99
P05286,0.99,0.97,0.97,0.96,0.91,0.86,0.82,0.44,0.48,0.87,1.0,0.47,0.95,0.29,0.82,1.0,0.41,1.0,0.22,0.1,0.08,0.27,0.03,0.07,0.2,0.99,1.0,0.58,0.83,0.88,0.93,0.99,0.99,0.99
P05287,0.99,0.97,0.97,0.96,0.02,0.02,0.05,0.16,0.03,0.87,1.0,0.47,0.95,0.15,0.82,1.0,0.05,1.0,0.12,0.1,0.07,0.27,0.06,0.2,0.21,0.99,1.0,0.58,0.83,0.88,0.93,0.99,0.99,0.99
P05288,0.99,0.97,0.97,0.96,0.02,0.01,0.01,0.04,0.14,0.87,1.0,0.02,0.95,0.15,0.03,1.0,0.05,1.0,0.22,0.1,0.02,0.27,0.06,0.2,0.21,0.99,1.0,0.05,0.83,0.88,0.93,0.99,0.99,0.99
P05289,0.99,0.97,0.97,0.96,0.91,0.86,0.82,0.04,0.14,0.87,1.0,0.05,0.95,0.23,0.82,1.0,0.21,1.0,0.04,0.11,0.07,0.27,0.04,0.24,0.2,0.99,1.0,0.13,0.83,0.88,0.93,0.99,0.99,0.99
P05290,0.99,0.97,0.97,0.96,0.02,0.02,0.01,0.05,0.14,0.87,1.0,0.02,0.95,0.15,0.01,1.0,0.05,1.0,0.22,0.1,0.07,0.27,0.01,0.2,0.01,0.99,1.0,0.58,0.83,0.88,0.93,0.99,0.99,0.99
P05273,0.99,0.97,0.97,0.96,0.91,0.86,0.02,0.16,0.07,0.87,1.0,0.03,0.95,0.01,0.82,1.0,0.21,1.0,0.22,0.04,0.07,0.27,0.01,0.2,0.08,0.99,1.0,0.58,0.83,0.88,0.93,0.99,0.99,0.99
P05291,0.99,0.97,0.97,0.96,0.91,0.86,0.82,0.04,0.48,0.87,1.0,0.47,0.95,0.15,0.82,1.0,0.05,1.0,0.12,0.1,0.07,0.27,0.06,0.2,0.21,0.99,1.0,0.05,0.83,0.88,0.93,0.99,0.99,0.99
P05294,0.99,0.97,0.97,0.96,0.91,0.86,0.82,0.16,0.07,0.87,1.0,0.47,0.95,0.09,0.82,1.0,0.41,1.0,0.15,0.11,0.27,0.27,0.49,0.24,0.2,0.99,1.0,0.13,0.83,0.88,0.93,0.99,0.99,0.99
P05295,0.99,0.97,0.97,0.96,0.91,0.86,0.82,0.16,0.14,0.87,1.0,0.47,0.95,0.23,0.82,1.0,0.08,1.0,0.22,0.07,0.07,0.27,0.49,0.24,0.05,0.99,1.0,0.58,0.83,0.88,0.93,0.99,0.99,0.99
P05296,0.99,0.97,0.97,0.96,0.91,0.86,0.82,0.04,0.14,0.87,1.0,0.05,0.95,0.23,0.82,1.0,0.21,1.0,0.04,0.11,0.07,0.27,0.04,0.2,0.2,0.99,1.0,0.13,0.83,0.88,0.93,0.99,0.99,0.99
P05297,0.99,0.97,0.97,0.96,0.91,0.86,0.82,0.05,0.02,0.87,1.0,0.47,0.01,0.03,0.01,1.0,0.04,1.0,0.22,0.06,0.03,0.09,0.03,0.03,0.05,0.99,1.0,0.58,0.83,0.88,0.93,0.99,0.99,0.99
P05298,0.99,0.97,0.97,0.96,0.91,0.86,0.82,0.05,0.02,0.87,1.0,0.47,0.01,0.03,0.82,1.0,0.04,1.0,0.22,0.06,0.03,0.09,0.02,0.24,0.05,0.99,1.0,0.58,0.83,0.88,0.93,0.99,0.99,0.99
P05305,0.99,0.97,0.97,0.96,0.91,0.86,0.82,0.05,0.02,0.87,1.0,0.06,0.01,0.03,0.03,1.0,0.04,1.0,0.04,0.02,0.03,0.13,0.08,0.06,0.07,0.99,1.0,0.58,0.83,0.88,0.93,0.99,0.99,0.99
P05274,0.99,0.97,0.97,0.96,0.91,0.86,0.02,0.16,0.07,0.87,1.0,0.03,0.95,0.15,0.82,1.0,0.21,1.0,0.22,0.04,0.07,0.27,0.01,0.2,0.08,0.99,1.0,0.58,0.83,0.88,0.93,0.99,0.99,0.99
P05275,0.99,0.97,0.97,0.96,0.91,0.86,0.02,0.16,0.07,0.87,1.0,0.03,0.95,0.01,0.82,1.0,0.21,1.0,0.22,0.04,0.07,0.27,0.02,0.2,0.2,0.99,1.0,0.02,0.83,0.88,0.93,0.99,0.99,0.99
P05276,0.99,0.97,0.97,0.96,0.91,0.86,0.82,0.44,0.48,0.87,1.0,0.03,0.95,0.23,0.82,1.0,0.08,1.0,0.12,0.03,0.02,0.02,0.49,0.09,0.05,0.99,1.0,0.02,0.83,0.88,0.93,0.99,0.99,0.99
P05277,0.99,0.97,0.97,0.96,0.91,0.86,0.82,0.44,0.48,0.87,1.0,0.06,0.95,0.15,0.82,1.0,0.08,1.0,0.12,0.03,0.03,0.01,0.49,0.09,0.03,0.99,1.0,0.02,0.83,0.88,0.93,0.99,0.99,0.99
P05278,0.99,0.97,0.97,0.96,0.91,0.86,0.82,0.44,0.48,0.87,1.0,0.05,0.95,0.15,0.82,1.0,0.21,1.0,0.11,0.11,0.02,0.09,0.49,0.08,0.21,0.99,1.0,0.02,0.83,0.88,0.93,0.99,0.99,0.99
P05279,0.99,0.97,0.97,0.96,0.91,0.86,0.82,0.44,0.48,0.87,1.0,0.05,0.95,0.15,0.82,1.0,0.08,1.0,0.11,0.11,0.03,0.27,0.49,0.08,0.21,0.99,1.0,0.05,0.02,0.01,0.93,0.99,0.99,0.99
P05280,0.99,0.97,0.97,0.96,0.91,0.86,0.82,0.44,0.48,0.87,1.0,0.06,0.0,0.03,0.82,1.0,0.04,1.0,0.22,0.06,0.01,0.09,0.02,0.02,0.07,0.99,1.0,0.05,0.83,0.88,0.0,0.99,0.99,0.99
P03151,0.99,0.97,0.97,0.96,0.91,0.86,0.82,0.07,0.14,0.87,1.0,0.05,0.95,0.23,0.82,1.0,0.21,1.0,0.03,0.04,0.08,0.27,0.49,0.2,0.21,0.99,1.0,0.04,0.02,0.04,0.02,0.99,0.99,0.99
P06394,0.99,0.97,0.97,0.96,0.91,0.86,0.82,0.04,0.48,0.87,1.0,0.47,0.95,0.23,0.82,1.0,0.41,1.0,0.11,0.01,0.27,0.27,0.49,0.24,0.05,0.99,1.0,0.04,0.83,0.88,0.93,0.99,0.99,0.99
P02496,0.99,0.97,0.97,0.96,0.91,0.86,0.82,0.44,0.48,0.87,1.0,0.06,0.95,0.07,0.02,1.0,0.41,1.0,0.22,0.1,0.02,0.27,0.06,0.24,0.21,0.99,1.0,0.58,0.83,0.88,0.93,0.99,0.99,0.99
P02505,0.99,0.97,0.97,0.96,0.91,0.86,0.82,0.07,0.05,0.87,1.0,0.02,0.95,0.23,0.02,1.0,0.21,1.0,0.11,0.01,0.27,0.27,0.49,0.02,0.2,0.99,1.0,0.58,0.83,0.88,0.93,0.99,0.99,0.99
P03725,0.99,0.97,0.97,0.96,0.91,0.86,0.82,0.44,0.02,0.87,1.0,0.47,0.95,0.15,0.03,1.0,0.02,1.0,0.07,0.11,0.27,0.27,0.49,0.2,0.05,0.99,1.0,0.05,0.83,0.88,0.93,0.99,0.99,0.99
P02660,0.99,0.97,0.97,0.96,0.91,0.86,0.82,0.44,0.48,0.87,1.0,0.47,0.95,0.29,0.82,1.0,0.41,1.0,0.12,0.16,0.27,0.27,0.49,0.09,0.03,0.99,1.0,0.13,0.83,0.88,0.93,0.99,0.99,0.99
P03150,0.99,0.97,0.97,0.96,0.91,0.86,0.82,0.05,0.01,0.87,1.0,0.47,0.95,0.23,0.82,1.0,0.41,1.0,0.15,0.11,0.0,0.27,0.49,0.24,0.2,0.99,1.0,0.01,0.83,0.88,0.93,0.99,0.99,0.99
P02497,0.99,0.97,0.97,0.96,0.91,0.86,0.82,0.44,0.48,0.87,1.0,0.47,0.95,0.29,0.82,1.0,0.41,1.0,0.12,0.1,0.27,0.27,0.06,0.24,0.21,0.99,1.0,0.04,0.83,0.88,0.93,0.99,0.99,0.99
P02498,0.99,0.97,0.97,0.96,0.91,0.86,0.82,0.44,0.05,0.87,1.0,0.05,0.95,0.15,0.82,1.0,0.41,1.0,0.02,0.16,0.27,0.27,0.49,0.02,0.21,0.99,1.0,0.02,0.83,0.88,0.93,0.99,0.99,0.99
P02499,0.99,0.97,0.97,0.96,0.91,0.86,0.82,0.05,0.0,0.87,1.0,0.03,0.95,0.29,0.01,1.0,0.02,1.0,0.01,0.01,0.28,0.02,0.49,0.07,0.05,0.99,1.0,0.58,0.83,0.88,0.93,0.99,0.99,0.99
P02500,0.99,0.97,0.97,0.96,0.91,0.86,0.82,0.05,0.0,0.87,1.0,0.03,0.95,0.09,0.05,1.0,0.02,1.0,0.15,0.01,0.28,0.01,0.49,0.07,0.05,0.99,1.0,0.01,0.83,0.88,0.93,0.99,0.99,0.99
P02502,0.99,0.97,0.97,0.96,0.02,0.01,0.02,0.16,0.14,0.87,1.0,0.05,0.95,0.15,0.82,1.0,0.21,1.0,0.11,0.07,0.27,0.27,0.02,0.24,0.03,0.99,1.0,0.03,0.01,0.02,0.93,0.99,0.99,0.99
P02503,0.99,0.97,0.97,0.96,0.02,0.02,0.02,0.16,0.14,0.87,1.0,0.03,0.95,0.15,0.82,1.0,0.01,1.0,0.11,0.07,0.27,0.27,0.02,0.03,0.03,0.99,1.0,0.03,0.01,0.04,0.93,0.99,0.99,0.99
P02504,0.99,0.97,0.97,0.96,0.91,0.86,0.82,0.44,0.07,0.87,1.0,0.47,0.95,0.15,0.03,1.0,0.02,1.0,0.07,0.11,0.27,0.27,0.49,0.2,0.05,0.99,1.0,0.05,0.83,0.88,0.93,0.99,0.99,0.99
P06776,0.99,0.97,0.97,0.96,0.91,0.86,0.82,0.01,0.48,0.87,1.0,0.47,0.95,0.23,0.82,1.0,0.41,1.0,0.11,0.16,0.27,0.27,0.49,0.07,0.2,0.99,1.0,0.58,0.83,0.88,0.93,0.99,0.99,0.99
P02666,0.99,0.97,0.97,0.96,0.91,0.86,0.82,0.44,0.48,0.87,1.0,0.06,0.95,0.07,0.02,1.0,0.41,1.0,0.22,0.1,0.02,0.27,0.06,0.24,0.21,0.99,1.0,0.13,0.05,0.04,0.0,0.99,0.99,0.99
P07480,0.99,0.97,0.97,0.96,0.91,0.86,0.82,0.44,0.48,0.87,1.0,0.47,0.95,0.29,0.82,1.0,0.41,1.0,0.12,0.1,0.27,0.27,0.49,0.09,0.03,0.99,1.0,0.58,0.83,0.88,0.93,0.99,0.99,0.99
P04196,0.99,0.97,0.97,0.96,0.91,0.86,0.82,0.44,0.01,0.87,1.0,0.47,0.95,0.23,0.82,1.0,0.41,1.0,0.07,0.02,0.01,0.27,0.08,0.02,0.21,0.99,1.0,0.58,0.83,0.88,0.93,0.99,0.99,0.99
P02667,0.99,0.97,0.97,0.96,0.91,0.86,0.82,0.44,0.14,0.87,1.0,0.05,0.95,0.15,0.82,1.0,0.21,1.0,0.11,0.07,0.27,0.27,0.02,0.24,0.03,0.99,1.0,0.03,0.01,0.02,0.93,0.99,0.99,0.99
P02665,0.99,0.97,0.97,0.96,0.91,0.86,0.82,0.44,0.48,0.87,1.0,0.06,0.95,0.07,0.02,1.0,0.41,1.0,0.22,0.1,0.02,0.27,0.06,0.24,0.21,0.99,1.0,0.58,0.83,0.88,0.93,0.99,0.99,0.99
P06426,0.99,0.97,0.97,0.96,0.91,0.86,0.82,0.16,0.07,0.87,1.0,0.47,0.95,0.23,0.82,1.0,0.08,1.0,0.22,0.07,0.07,0.27,0.49,0.24,0.2,0.99,1.0,0.58,0.83,0.88,0.93,0.99,0.99,0.99
P06427,0.99,0.97,0.97,0.96,0.91,0.86,0.82,0.03,0.05,0.87,1.0,0.05,0.95,0.04,0.03,1.0,0.41,1.0,0.04,0.29,0.28,0.13,0.08,0.01,0.08,0.99,1.0,0.58,0.83,0.88,0.93,0.99,0.99,0.99
P06428,0.99,0.97,0.97,0.96,0.91,0.86,0.82,0.01,0.48,0.87,1.0,0.01,0.95,0.03,0.82,1.0,0.01,1.0,0.22,0.03,0.27,0.02,0.49,0.24,0.21,0.99,1.0,0.13,0.83,0.88,0.93,0.99,0.99,0.99
P06422,0.99,0.97,0.97,0.96,0.91,0.86,0.82,0.03,0.05,0.87,1.0,0.05,0.95,0.04,0.03,1.0,0.41,1.0,0.04,0.04,0.02,0.27,0.49,0.24,0.21,0.99,1.0,0.13,0.83,0.88,0.93,0.99,0.99,0.99
P06423,0.99,0.97,0.97,0.96,0.91,0.86,0.82,0.04,0.05,0.87,1.0,0.06,0.95,0.03,0.03,1.0,0.41,1.0,0.04,0.29,0.28,0.13,0.08,0.01,0.08,0.99,1.0,0.58,0.83,0.88,0.93,0.99,0.99,0.99
P06424,0.99,0.97,0.97,0.96,0.91,0.86,0.82,0.44,0.48,0.87,1.0,0.47,0.95,0.15,0.82,1.0,0.21,1.0,0.11,0.02,0.07,0.27,0.06,0.2,0.21,0.99,1.0,0.58,0.83,0.88,0.93,0.99,0.99,0.99
P05949,0.99,0.97,0.97,0.96,0.91,0.86,0.82,0.04,0.48,0.87,1.0,0.47,0.95,0.29,0.82,1.0,0.41,1.0,0.07,0.16,0.03,0.27,0.49,0.24,0.2,0.99,1.0,0.58,0.83,0.88,0.93,0.99,0.99,0.99
P02998,0.99,0.97,0.97,0.96,0.91,0.86,0.82,0.44,0.07,0.03,1.0,0.14,0.95,0.29,0.82,1.0,0.41,1.0,0.15,0.29,0.28,0.0,0.03,0.09,0.09,0.99,1.0,0.58,0.83,0.88,0.93,0.99,0.99,0.99
P00014,0.99,0.97,0.97,0.96,0.91,0.86,0.82,0.16,0.48,0.07,1.0,0.14,0.95,0.29,0.82,1.0,0.41,1.0,0.22,0.29,0.28,0.09,0.06,0.08,0.04,0.99,1.0,0.58,0.83,0.88,0.93,0.99,0.99,0.99
P00016,0.99,0.97,0.97,0.96,0.91,0.86,0.82,0.07,0.48,0.07,1.0,0.14,0.95,0.29,0.82,1.0,0.41,1.0,0.22,0.29,0.28,0.03,0.06,0.09,0.04,0.99,1.0,0.58,0.83,0.88,0.93,0.99,0.99,0.99
P00023,0.99,0.97,0.97,0.96,0.91,0.86,0.82,0.44,0.48,0.07,1.0,0.14,0.95,0.29,0.82,1.0,0.41,1.0,0.15,0.29,0.28,0.09,0.03,0.09,0.09,0.99,1.0,0.58,0.83,0.88,0.93,0.99,0.99,0.99
P03363,0.99,0.97,0.97,0.96,0.91,0.86,0.82,0.44,0.48,0.87,1.0,0.47,0.95,0.23,0.82,1.0,0.21,1.0,0.03,0.11,0.27,0.27,0.06,0.02,0.08,0.99,1.0,0.02,0.83,0.88,0.93,0.99,0.99,0.99
P05865,0.99,0.97,0.97,0.96,0.91,0.86,0.82,0.44,0.07,0.03,1.0,0.14,0.95,0.29,0.82,1.0,0.41,1.0,0.15,0.29,0.28,0.09,0.03,0.09,0.09,0.99,1.0,0.58,0.83,0.88,0.93,0.99,0.99,0.99
P00039,0.99,0.97,0.97,0.96,0.91,0.86,0.82,0.44,0.48,0.87,1.0,0.47,0.95,0.23,0.82,1.0,0.06,1.0,0.04,0.06,0.03,0.27,0.04,0.07,0.21,0.99,1.0,0.58,0.83,0.88,0.93,0.99,0.99,0.99
P09015,0.99,0.97,0.97,0.96,0.91,0.86,0.82,0.44,0.05,0.0,1.0,0.14,0.95,0.29,0.82,1.0,0.41,1.0,0.02,0.29,0.28,0.27,0.06,0.08,0.04,0.99,1.0,0.58,0.83,0.88,0.93,0.99,0.99,0.99
P02984,0.99,0.97,0.97,0.96,0.91,0.86,0.82,0.07,0.48,0.0,1.0,0.14,0.95,0.29,0.82,1.0,0.41,1.0,0.15,0.1,0.28,0.09,0.03,0.03,0.03,0.99,1.0,0.58,0.83,0.88,0.93,0.99,0.99,0.99
P02992,0.99,0.97,0.97,0.96,0.91,0.86,0.82,0.07,0.48,0.07,1.0,0.14,0.95,0.29,0.82,1.0,0.41,1.0,0.15,0.29,0.28,0.09,0.06,0.08,0.09,0.99,1.0,0.58,0.83,0.88,0.93,0.99,0.99,0.99
P04102,0.99,0.97,0.97,0.96,0.91,0.86,0.82,0.07,0.48,0.07,1.0,0.14,0.95,0.29,0.82,1.0,0.41,1.0,0.15,0.11,0.28,0.09,0.03,0.08,0.03,0.99,1.0,0.13,0.83,0.88,0.93,0.99,0.99,0.99
P03638,0.99,0.97,0.97,0.96,0.91,0.86,0.82,0.44,0.48,0.07,1.0,0.14,0.95,0.29,0.82,1.0,0.41,1.0,0.22,0.29,0.28,0.09,0.03,0.08,0.09,0.99,1.0,0.58,0.83,0.88,0.93,0.99,0.99,0.99
P04103,0.99,0.97,0.97,0.96,0.91,0.86,0.82,0.07,0.48,0.07,1.0,0.14,0.95,0.29,0.82,1.0,0.41,1.0,0.22,0.29,0.28,0.09,0.03,0.08,0.09,0.99,1.0,0.58,0.83,0.88,0.93,0.99,0.99,0.99
P04104,0.99,0.97,0.97,0.96,0.91,0.86,0.82,0.07,0.48,0.07,1.0,0.14,0.95,0.29,0.82,1.0,0.41,1.0,0.15,0.29,0.28,0.09,0.03,0.08,0.09,0.99,1.0,0.58,0.83,0.88,0.93,0.99,0.99,0.99
P06536,0.99,0.97,0.97,0.96,0.91,0.86,0.82,0.44,0.01,0.87,1.0,0.05,0.95,0.03,0.05,1.0,0.02,1.0,0.04,0.29,0.28,0.13,0.08,0.24,0.21,0.99,1.0,0.01,0.03,0.02,0.01,0.99,0.99,0.99
P06540,0.99,0.97,0.97,0.96,0.91,0.86,0.82,0.44,0.01,0.87,1.0,0.47,0.95,0.03,0.05,1.0,0.08,1.0,0.01,0.29,0.28,0.13,0.08,0.01,0.21,0.99,1.0,0.0,0.03,0.04,0.01,0.99,0.99,0.99
P02491,0.99,0.97,0.97,0.96,0.91,0.86,0.82,0.44,0.48,0.87,1.0,0.47,0.95,0.29,0.82,1.0,0.41,1.0,0.12,0.16,0.27,0.27,0.49,0.2,0.2,0.99,1.0,0.58,0.83,0.88,0.93,0.99,0.99,0.99
P02493,0.99,0.97,0.97,0.96,0.91,0.86,0.82,0.44,0.48,0.87,1.0,0.47,0.95,0.23,0.82,1.0,0.21,1.0,0.03,0.11,0.27,0.27,0.06,0.02,0.08,0.99,1.0,0.02,0.83,0.88,0.93,0.99,0.99,0.99
P02494,0.99,0.97,0.97,0.96,0.91,0.86,0.82,0.44,0.48,0.87,1.0,0.47,0.95,0.29,0.82,1.0,0.41,1.0,0.11,0.16,0.02,0.09,0.49,0.07,0.05,0.99,1.0,0.01,0.83,0.88,0.93,0.99,0.99,0.99
P04661,0.99,0.97,0.97,0.96,0.91,0.86,0.82,0.05,0.14,0.87,1.0,0.03,0.95,0.29,0.82,1.0,0.41,1.0,0.04,0.16,0.08,0.27,0.49,0.24,0.21,0.99,1.0,0.58,0.83,0.88,0.93,0.99,0.99,0.99
P04662,0.99,0.97,0.97,0.96,0.91,0.86,0.05,0.05,0.14,0.87,1.0,0.03,0.95,0.29,0.82,1.0,0.41,1.0,0.04,0.16,0.08,0.27,0.49,0.24,0.21,0.99,1.0,0.05,0.83,0.88,0.93,0.99,0.99,0.99
P06002,0.99,0.97,0.97,0.96,0.91,0.86,0.82,0.44,0.14,0.87,1.0,0.03,0.95,0.29,0.82,1.0,0.41,1.0,0.04,0.16,0.08,0.27,0.49,0.24,0.21,0.99,1.0,0.58,0.83,0.88,0.93,0.99,0.99,0.99
P05431,0.99,0.97,0.97,0.96,0.91,0.86,0.82,0.44,0.01,0.87,1.0,0.05,0.95,0.03,0.05,1.0,0.02,1.0,0.04,0.29,0.28,0.13,0.08,0.24,0.21,0.99,1.0,0.02,0.01,0.01,0.01,0.99,0.99,0.99
P02869,0.99,0.97,0.97,0.96,0.91,0.86,0.82,0.44,0.07,0.87,1.0,0.02,0.0,0.01,0.0,1.0,0.04,0.0,0.04,0.0,0.07,0.13,0.08,0.07,0.21,0.99,1.0,0.58,0.83,0.88,0.93,0.99,0.99,0.99
P06003,0.99,0.97,0.97,0.96,0.91,0.86,0.82,0.05,0.14,0.87,1.0,0.03,0.95,0.29,0.82,1.0,0.41,1.0,0.04,0.16,0.08,0.27,0.49,0.24,0.21,0.99,1.0,0.58,0.83,0.88,0.93,0.99,0.99,0.99
P02946,0.99,0.97,0.97,0.96,0.91,0.86,0.82,0.44,0.48,0.87,1.0,0.47,0.95,0.23,0.82,1.0,0.06,1.0,0.04,0.07,0.27,0.27,0.03,0.24,0.08,0.99,1.0,0.06,0.01,0.02,0.93,0.99,0.99,0.99
P02948,0.99,0.97,0.97,0.96,0.91,0.86,0.82,0.44,0.48,0.87,1.0,0.47,0.95,0.29,0.82,1.0,0.21,1.0,0.22,0.07,0.27,0.27,0.06,0.2,0.08,0.99,1.0,0.58,0.83,0.88,0.93,0.99,0.99,0.99
P02950,0.99,0.97,0.97,0.96,0.91,0.86,0.82,0.44,0.48,0.87,1.0,0.47,0.95,0.29,0.82,1.0,0.41,1.0,0.12,0.1,0.27,0.27,0.03,0.24,0.08,0.99,1.0,0.06,0.01,0.02,0.93,0.99,0.99,0.99
P00006,0.99,0.97,0.97,0.96,0.91,0.86,0.82,0.44,0.48,0.87,1.0,0.47,0.95,0.29,0.82,1.0,0.41,1.0,0.07,0.16,0.27,0.27,0.49,0.07,0.2,0.99,1.0,0.13,0.83,0.88,0.93,0.99,0.99,0.99
P03003,0.99,0.97,0.97,0.96,0.91,0.86,0.82,0.44,0.03,0.87,1.0,0.47,0.95,0.09,0.82,1.0,0.21,1.0,0.07,0.16,0.27,0.09,0.49,0.24,0.2,0.99,1.0,0.13,0.05,0.04,0.93,0.99,0.99,0.99
P05856,0.99,0.97,0.97,0.96,0.91,0.86,0.82,0.16,0.14,0.87,1.0,0.06,0.95,0.04,0.82,1.0,0.01,1.0,0.22,0.01,0.02,0.01,0.49,0.02,0.08,0.99,1.0,0.03,0.83,0.88,0.93,0.99,0.99,0.99
P05857,0.99,0.97,0.97,0.96,0.91,0.86,0.82,0.16,0.14,0.87,1.0,0.06,0.95,0.04,0.82,1.0,0.01,1.0,0.22,0.01,0.02,0.01,0.49,0.02,0.08,0.99,1.0,0.03,0.83,0.88,0.93,0.99,0.99,0.99
P02608,0.99,0.97,0.97,0.96,0.91,0.86,0.82,0.44,0.48,0.87,1.0,0.47,0.95,0.29,0.82,1.0,0.41,1.0,0.12,0.16,0.27,0.27,0.49,0.24,0.21,0.99,1.0,0.58,0.83,0.88,0.93,0.99,0.99,0.99
P00595,0.99,0.97,0.97,0.96,0.91,0.86,0.05,0.16,0.07,0.87,1.0,0.47,0.95,0.23,0.82,1.0,0.06,1.0,0.02,0.16,0.02,0.27,0.49,0.03,0.2,0.99,1.0,0.58,0.83,0.88,0.93,0.99,0.99,0.99
P00038,0.99,0.97,0.97,0.96,0.91,0.01,0.01,0.05,0.48,0.87,1.0,0.02,0.95,0.23,0.82,1.0,0.41,1.0,0.01,0.29,0.28,0.13,0.06,0.07,0.08,0.99,1.0,0.58,0.83,0.88,0.93,0.99,0.99,0.99
P08506,0.99,0.97,0.97,0.96,0.91,0.86,0.82,0.01,0.48,0.87,1.0,0.03,0.95,0.29,0.82,1.0,0.41,1.0,0.15,0.29,0.28,0.13,0.06,0.07,0.08,0.99,1.0,0.58,0.83,0.88,0.93,0.99,0.99,0.99
P08505,0.99,0.97,0.97,0.96,0.91,0.86,0.82,0.01,0.48,0.87,1.0,0.03,0.95,0.29,0.82,1.0,0.41,1.0,0.15,0.29,0.28,0.13,0.06,0.07,0.08,0.99,1.0,0.58,0.83,0.88,0.93,0.99,0.99,0.99
P09048,0.99,0.97,0.97,0.96,0.02,0.03,0.05,0.06,0.02,0.87,1.0,0.01,0.95,0.03,0.03,1.0,0.03,1.0,0.01,0.03,0.03,0.09,0.04,0.02,0.03,0.01,1.0,0.03,0.83,0.88,0.93,0.99,0.99,0.99
P02915,0.99,0.97,0.97,0.96,0.91,0.86,0.82,0.44,0.48,0.87,1.0,0.47,0.95,0.29,0.82,1.0,0.21,1.0,0.22,0.02,0.27,0.27,0.49,0.2,0.08,0.99,1.0,0.58,0.83,0.88,0.93,0.99,0.99,0.99
P02917,0.99,0.97,0.97,0.96,0.91,0.86,0.82,0.44,0.48,0.87,1.0,0.47,0.95,0.29,0.82,1.0,0.21,1.0,0.04,0.06,0.27,0.27,0.49,0.2,0.08,0.99,1.0,0.58,0.83,0.88,0.93,0.99,0.99,0.99
P00051,0.99,0.97,0.97,0.96,0.91,0.86,0.82,0.44,0.48,0.87,1.0,0.47,0.95,0.03,0.82,1.0,0.21,1.0,0.22,0.11,0.27,0.27,0.49,0.2,0.08,0.99,1.0,0.58,0.83,0.88,0.93,0.99,0.99,0.99
P00099,0.99,0.97,0.97,0.96,0.91,0.86,0.82,0.44,0.48,0.87,1.0,0.47,0.95,0.03,0.82,1.0,0.21,1.0,0.22,0.06,0.08,0.27,0.49,0.2,0.08,0.99,1.0,0.58,0.83,0.88,0.93,0.99,0.99,0.99
P03149,0.99,0.97,0.97,0.96,0.91,0.86,0.82,0.44,0.48,0.87,1.0,0.47,0.95,0.07,0.82,1.0,0.21,1.0,0.22,0.06,0.08,0.27,0.49,0.2,0.08,0.99,1.0,0.58,0.83,0.88,0.93,0.99,0.99,0.99
P02519,0.99,0.97,0.97,0.96,0.91,0.86,0.82,0.05,0.02,0.87,1.0,0.02,0.0,0.03,0.05,1.0,0.04,1.0,0.04,0.11,0.07,0.09,0.06,0.07,0.21,0.99,1.0,0.58,0.83,0.88,0.93,0.99,0.99,0.99
P02520,0.99,0.97,0.97,0.96,0.91,0.86,0.82,0.06,0.48,0.87,1.0,0.47,0.95,0.09,0.82,1.0,0.21,1.0,0.03,0.11,0.27,0.27,0.49,0.01,0.07,0.99,1.0,0.58,0.83,0.88,0.93,0.99,0.99,0.99
P02521,0.99,0.97,0.97,0.96,0.91,0.86,0.82,0.03,0.02,0.87,1.0,0.06,0.95,0.15,0.82,1.0,0.41,1.0,0.04,0.29,0.07,0.27,0.02,0.01,0.01,0.99,1.0,0.58,0.83,0.88,0.93,0.99,0.99,0.99
P02868,0.99,0.02,0.01,0.0,0.0,0.01,0.02,0.04,0.14,0.87,1.0,0.03,0.95,0.23,0.82,1.0,0.06,1.0,0.11,0.07,0.02,0.09,0.02,0.07,0.08,0.99,1.0,0.58,0.83,0.88,0.93,0.99,0.99,0.99
P03398,0.99,0.97,0.97,0.96,0.91,0.86,0.82,0.16,0.05,0.87,1.0,0.05,0.95,0.15,0.82,1.0,0.41,1.0,0.11,0.07,0.27,0.27,0.49,0.24,0.21,0.99,1.0,0.05,0.01,0.88,0.93,0.99,0.99,0.99
P03399,0.99,0.97,0.97,0.96,0.91,0.86,0.82,0.16,0.05,0.87,1.0,0.05,0.95,0.15,0.82,1.0,0.41,1.0,0.11,0.07,0.27,0.27,0.49,0.24,0.2,0.99,1.0,0.03,0.0,0.88,0.93,0.99,0.99,0.99
P05314,0.99,0.97,0.97,0.96,0.91,0.86,0.82,0.44,0.48,0.87,1.0,0.01,0.95,0.09,0.82,1.0,0.21,1.0,0.22,0.16,0.27,0.27,0.49,0.2,0.2,0.99,1.0,0.58,0.83,0.88,0.93,0.99,0.99,0.99
P05317,0.99,0.97,0.97,0.96,0.91,0.86,0.82,0.44,0.48,0.87,1.0,0.47,0.95,0.29,0.82,1.0,0.41,1.0,0.22,0.1,0.27,0.27,0.49,0.2,0.2,0.99,1.0,0.58,0.83,0.88,0.93,0.99,0.99,0.99
P05318,0.99,0.97,0.97,0.96,0.91,0.86,0.82,0.05,0.48,0.87,1.0,0.47,0.95,0.09,0.82,1.0,0.41,1.0,0.22,0.16,0.08,0.27,0.49,0.2,0.2,0.99,1.0,0.13,0.05,0.88,0.93,0.99,0.99,0.99
P05319,0.99,0.97,0.97,0.96,0.91,0.86,0.82,0.06,0.48,0.87,1.0,0.47,0.95,0.07,0.82,1.0,0.21,1.0,0.03,0.06,0.07,0.27,0.49,0.24,0.2,0.99,1.0,0.58,0.83,0.88,0.93,0.99,0.99,0.99
P05320,0.99,0.97,0.97,0.96,0.91,0.86,0.82,0.06,0.48,0.87,1.0,0.47,0.95,0.07,0.82,1.0,0.21,1.0,0.03,0.06,0.03,0.27,0.49,0.24,0.2,0.99,1.0,0.58,0.83,0.88,0.93,0.99,0.99,0.99
P05321,0.99,0.97,0.97,0.96,0.91,0.86,0.82,0.16,0.48,0.87,1.0,0.47,0.95,0.15,0.82,1.0,0.41,1.0,0.22,0.16,0.27,0.27,0.49,0.2,0.2,0.99,1.0,0.13,0.05,0.88,0.93,0.99,0.99,0.99
P06447,0.99,0.97,0.97,0.96,0.91,0.86,0.82,0.16,0.14,0.87,1.0,0.47,0.95,0.23,0.82,1.0,0.08,1.0,0.22,0.07,0.07,0.27,0.49,0.24,0.2,0.99,1.0,0.58,0.83,0.88,0.93,0.99,0.99,0.99
P06445,0.99,0.02,0.02,0.01,0.01,0.01,0.02,0.04,0.14,0.87,1.0,0.06,0.95,0.23,0.82,1.0,0.01,1.0,0.04,0.29,0.28,0.13,0.03,0.02,0.04,0.99,1.0,0.58,0.83,0.88,0.93,0.99,0.99,0.99
P06446,0.99,0.97,0.97,0.96,0.91,0.86,0.82,0.16,0.48,0.87,1.0,0.47,0.95,0.01,0.82,1.0,0.08,1.0,0.12,0.16,0.27,0.27,0.49,0.2,0.2,0.99,1.0,0.13,0.05,0.88,0.93,0.99,0.99,0.99
P08263,0.99,0.97,0.97,0.96,0.91,0.86,0.82,0.05,0.48,0.87,1.0,0.47,0.95,0.15,0.82,1.0,0.41,1.0,0.22,0.16,0.08,0.27,0.49,0.2,0.2,0.99,1.0,0.05,0.05,0.88,0.93,0.99,0.99,0.99
P02506,0.99,0.97,0.97,0.96,0.91,0.86,0.82,0.16,0.14,0.87,1.0,0.05,0.95,0.15,0.82,1.0,0.21,1.0,0.03,0.11,0.08,0.27,0.49,0.2,0.21,0.99,1.0,0.04,0.02,0.04,0.02,0.99,0.99,0.99
P02507,0.99,0.97,0.97,0.96,0.91,0.86,0.82,0.07,0.14,0.87,1.0,0.05,0.95,0.23,0.82,1.0,0.21,1.0,0.03,0.04,0.08,0.27,0.49,0.2,0.21,0.99,1.0,0.04,0.02,0.04,0.02,0.99,0.99,0.99
P02508,0.99,0.97,0.97,0.96,0.91,0.86,0.82,0.16,0.05,0.87,1.0,0.05,0.95,0.23,0.82,1.0,0.21,1.0,0.03,0.11,0.08,0.27,0.49,0.2,0.21,0.99,1.0,0.04,0.02,0.04,0.02,0.99,0.99,0.99
P02511,0.99,0.97,0.97,0.96,0.91,0.86,0.82,0.44,0.01,0.87,1.0,0.06,0.95,0.23,0.82,1.0,0.21,1.0,0.03,0.29,0.28,0.13,0.06,0.03,0.04,0.99,1.0,0.58,0.83,0.88,0.93,0.99,0.99,0.99
P08264,0.99,0.97,0.97,0.96,0.91,0.86,0.82,0.07,0.14,0.87,1.0,0.05,0.95,0.23,0.82,1.0,0.21,1.0,0.03,0.04,0.08,0.27,0.49,0.2,0.21,0.99,1.0,0.04,0.02,0.01,0.02,0.99,0.99,0.99
P02513,0.99,0.97,0.97,0.96,0.91,0.86,0.82,0.05,0.48,0.87,1.0,0.47,0.95,0.15,0.82,1.0,0.41,1.0,0.22,0.16,0.08,0.27,0.49,0.2,0.2,0.99,1.0,0.58,0.83,0.88,0.93,0.99,0.99,0.99
P02514,0.99,0.97,0.97,0.96,0.91,0.86,0.82,0.16,0.48,0.87,1.0,0.47,0.95,0.23,0.82,1.0,0.08,1.0,0.12,0.16,0.27,0.27,0.49,0.2,0.2,0.99,1.0,0.58,0.83,0.88,0.93,0.99,0.99,0.99
P02515,0.99,0.97,0.97,0.96,0.91,0.86,0.82,0.16,0.48,0.87,1.0,0.05,0.95,0.23,0.82,1.0,0.08,1.0,0.12,0.16,0.27,0.27,0.49,0.2,0.2,0.99,1.0,0.58,0.83,0.88,0.93,0.99,0.99,0.99
P02516,0.99,0.97,0.97,0.96,0.91,0.86,0.82,0.44,0.48,0.87,1.0,0.47,0.95,0.23,0.82,1.0,0.41,1.0,0.12,0.16,0.27,0.27,0.49,0.24,0.21,0.99,1.0,0.58,0.83,0.88,0.93,0.99,0.99,0.99
P02517,0.99,0.97,0.97,0.96,0.91,0.86,0.82,0.44,0.48,0.87,1.0,0.47,0.95,0.23,0.82,1.0,0.03,1.0,0.22,0.1,0.27,0.27,0.01,0.07,0.2,0.99,1.0,0.58,0.83,0.88,0.93,0.99,0.99,0.99
P05311,0.99,0.97,0.97,0.96,0.91,0.86,0.82,0.16,0.48,0.87,1.0,0.47,0.95,0.15,0.82,1.0,0.41,1.0,0.12,0.16,0.27,0.27,0.49,0.2,0.2,0.99,1.0,0.13,0.05,0.88,0.93,0.99,0.99,0.99
P05312,0.99,0.97,0.97,0.96,0.91,0.86,0.82,0.16,0.14,0.87,1.0,0.05,0.95,0.23,0.82,1.0,0.21,1.0,0.03,0.11,0.08,0.27,0.49,0.2,0.21,0.99,1.0,0.04,0.02,0.04,0.02,0.99,0.99,0.99
P05313,0.99,0.97,0.97,0.96,0.91,0.86,0.82,0.44,0.48,0.87,1.0,0.01,0.95,0.09,0.82,1.0,0.21,1.0,0.22,0.16,0.27,0.27,0.49,0.2,0.2,0.99,1.0,0.06,0.05,0.88,0.93,0.99,0.99,0.99
P02976,0.99,0.97,0.97,0.96,0.91,0.86,0.82,0.07,0.48,0.07,1.0,0.14,0.95,0.29,0.82,1.0,0.41,1.0,0.15,0.29,0.28,0.09,0.06,0.08,0.09,0.99,1.0,0.58,0.83,0.88,0.93,0.99,0.99,0.99
P02978,0.99,0.97,0.97,0.96,0.91,0.86,0.82,0.44,0.07,0.02,1.0,0.14,0.95,0.23,0.82,1.0,0.41,1.0,0.15,0.29,0.28,0.03,0.06,0.09,0.09,0.99,1.0,0.01,0.05,0.88,0.93,0.99,0.99,0.99
P02996,0.99,0.97,0.97,0.96,0.91,0.86,0.82,0.44,0.07,0.02,1.0,0.14,0.95,0.29,0.82,1.0,0.41,1.0,0.15,0.29,0.28,0.09,0.06,0.08,0.09,0.99,1.0,0.58,0.83,0.88,0.93,0.99,0.99,0.99
P02885,0.99,0.97,0.97,0.96,0.91,0.86,0.82,0.05,0.01,0.87,1.0,0.47,0.95,0.29,0.82,1.0,0.41,1.0,0.07,0.16,0.03,0.27,0.49,0.24,0.2,0.99,1.0,0.04,0.83,0.88,0.93,0.99,0.99,0.99
P00028,0.99,0.97,0.97,0.96,0.91,0.86,0.82,0.44,0.48,0.87,1.0,0.47,0.95,0.15,0.82,1.0,0.05,1.0,0.04,0.29,0.07,0.27,0.06,0.06,0.07,0.99,1.0,0.58,0.83,0.88,0.93,0.99,0.99,0.99
P00029,0.99,0.97,0.97,0.96,0.91,0.86,0.82,0.44,0.48,0.87,1.0,0.47,0.95,0.15,0.82,1.0,0.05,1.0,0.04,0.29,0.07,0.27,0.0,0.06,0.07,0.99,1.0,0.58,0.83,0.88,0.93,0.99,0.99,0.99
P00031,0.99,0.97,0.97,0.96,0.91,0.86,0.82,0.16,0.02,0.87,1.0,0.03,0.95,0.07,0.82,1.0,0.21,1.0,0.02,0.29,0.28,0.13,0.08,0.01,0.2,0.99,1.0,0.58,0.83,0.88,0.93,0.99,0.99,0.99
P00032,0.99,0.97,0.97,0.96,0.91,0.86,0.82,0.44,0.48,0.87,1.0,0.47,0.95,0.29,0.82,1.0,0.41,1.0,0.07,0.16,0.27,0.27,0.49,0.07,0.2,0.99,1.0,0.58,0.83,0.88,0.93,0.99,0.99,0.99
P02585,0.99,0.97,0.97,0.96,0.91,0.86,0.82,0.44,0.48,0.87,1.0,0.47,0.95,0.15,0.82,1.0,0.05,1.0,0.04,0.29,0.02,0.09,0.03,0.06,0.07,0.99,1.0,0.06,0.83,0.88,0.93,0.99,0.99,0.99
P00030,0.99,0.97,0.97,0.96,0.91,0.86,0.82,0.44,0.48,0.87,1.0,0.47,0.95,0.15,0.82,1.0,0.05,1.0,0.04,0.29,0.02,0.09,0.03,0.06,0.07,0.99,1.0,0.58,0.83,0.88,0.93,0.99,0.99,0.99
P05941,0.99,0.97,0.97,0.96,0.91,0.01,0.02,0.04,0.14,0.87,1.0,0.03,0.95,0.23,0.82,1.0,0.02,1.0,0.11,0.01,0.27,0.27,0.0,0.2,0.08,0.99,1.0,0.06,0.05,0.0,0.01,0.99,0.99,0.99
P06442,0.99,0.97,0.97,0.96,0.91,0.01,0.01,0.04,0.14,0.87,1.0,0.47,0.95,0.29,0.82,1.0,0.41,1.0,0.01,0.1,0.02,0.27,0.49,0.2,0.08,0.99,1.0,0.04,0.83,0.88,0.93,0.99,0.99,0.99
P06443,0.99,0.97,0.97,0.96,0.91,0.86,0.82,0.16,0.07,0.87,1.0,0.47,0.95,0.23,0.82,1.0,0.08,1.0,0.22,0.07,0.07,0.27,0.49,0.24,0.2,0.99,1.0,0.58,0.83,0.88,0.93,0.99,0.99,0.99
P02522,0.99,0.97,0.97,0.96,0.91,0.86,0.82,0.07,0.48,0.87,1.0,0.03,0.95,0.23,0.82,1.0,0.41,1.0,0.01,0.29,0.28,0.13,0.04,0.07,0.08,0.99,1.0,0.58,0.83,0.88,0.93,0.99,0.99,0.99
P04110,0.99,0.97,0.97,0.96,0.91,0.86,0.82,0.44,0.03,0.01,1.0,0.14,0.95,0.29,0.82,1.0,0.41,1.0,0.15,0.29,0.28,0.09,0.03,0.08,0.01,0.99,1.0,0.58,0.83,0.88,0.93,0.99,0.99,0.99
P04111,0.99,0.97,0.97,0.96,0.91,0.86,0.82,0.44,0.48,0.87,1.0,0.14,0.95,0.23,0.82,1.0,0.41,1.0,0.15,0.29,0.28,0.01,0.06,0.09,0.09,0.99,1.0,0.58,0.83,0.88,0.93,0.99,0.99,0.99
P04112,0.99,0.97,0.97,0.96,0.91,0.86,0.82,0.44,0.07,0.03,1.0,0.14,0.95,0.29,0.82,1.0,0.41,1.0,0.15,0.29,0.28,0.03,0.06,0.09,0.04,0.99,1.0,0.58,0.83,0.88,0.93,0.99,0.99,0.99
P04114,0.99,0.97,0.97,0.96,0.91,0.86,0.82,0.44,0.03,0.01,1.0,0.14,0.95,0.29,0.82,1.0,0.41,1.0,0.15,0.29,0.28,0.01,0.03,0.09,0.09,0.99,1.0,0.13,0.01,0.02,0.0,0.0,0.99,0.99
P04115,0.99,0.97,0.97,0.96,0.91,0.86,0.82,0.44,0.03,0.01,1.0,0.14,0.95,0.29,0.82,1.0,0.06,1.0,0.15,0.29,0.28,0.09,0.03,0.08,0.01,0.99,1.0,0.58,0.83,0.88,0.93,0.99,0.99,0.99
P06466,0.99,0.97,0.97,0.96,0.91,0.86,0.82,0.05,0.03,0.87,1.0,0.03,0.95,0.09,0.02,1.0,0.01,1.0,0.04,0.29,0.28,0.02,0.49,0.06,0.07,0.99,1.0,0.58,0.83,0.88,0.93,0.99,0.99,0.99
P05334,0.99,0.97,0.97,0.96,0.91,0.86,0.02,0.16,0.07,0.87,1.0,0.03,0.95,0.01,0.82,1.0,0.21,1.0,0.22,0.04,0.07,0.27,0.01,0.2,0.08,0.99,1.0,0.58,0.83,0.88,0.93,0.99,0.99,0.99
P05335,0.99,0.97,0.97,0.96,0.91,0.86,0.02,0.16,0.07,0.87,1.0,0.03,0.95,0.01,0.82,1.0,0.21,1.0,0.22,0.04,0.07,0.27,0.02,0.2,0.2,0.99,1.0,0.02,0.83,0.88,0.93,0.99,0.99,0.99
P05336,0.99,0.97,0.97,0.96,0.91,0.86,0.82,0.44,0.48,0.87,1.0,0.03,0.95,0.23,0.82,1.0,0.08,1.0,0.12,0.03,0.02,0.02,0.49,0.09,0.05,0.99,1.0,0.02,0.83,0.88,0.93,0.99,0.99,0.99
P05337,0.99,0.97,0.97,0.96,0.91,0.86,0.82,0.44,0.48,0.87,1.0,0.06,0.95,0.15,0.82,1.0,0.08,1.0,0.12,0.03,0.03,0.01,0.49,0.09,0.03,0.99,1.0,0.02,0.83,0.88,0.93,0.99,0.99,0.99
P05338,0.99,0.97,0.97,0.96,0.91,0.86,0.82,0.44,0.48,0.87,1.0,0.05,0.95,0.15,0.82,1.0,0.21,1.0,0.11,0.11,0.02,0.09,0.49,0.08,0.21,0.99,1.0,0.02,0.83,0.88,0.93,0.99,0.99,0.99
P05339,0.99,0.97,0.97,0.96,0.91,0.86,0.01,0.01,0.14,0.87,1.0,0.03,0.95,0.23,0.82,1.0,0.21,1.0,0.11,0.01,0.07,0.27,0.49,0.2,0.21,0.99,1.0,0.58,0.83,0.88,0.93,0.99,0.99,0.99
P05324,0.99,0.97,0.97,0.96,0.91,0.86,0.82,0.44,0.48,0.87,1.0,0.47,0.95,0.29,0.82,1.0,0.41,1.0,0.22,0.1,0.27,0.27,0.49,0.07,0.2,0.99,1.0,0.58,0.83,0.88,0.93,0.99,0.99,0.99
P05325,0.99,0.97,0.97,0.96,0.02,0.02,0.05,0.16,0.03,0.87,1.0,0.47,0.95,0.15,0.82,1.0,0.05,1.0,0.12,0.1,0.07,0.27,0.06,0.2,0.21,0.99,1.0,0.58,0.83,0.88,0.93,0.99,0.99,0.99
P05329,0.99,0.97,0.97,0.96,0.91,0.86,0.82,0.16,0.14,0.87,1.0,0.47,0.95,0.23,0.82,1.0,0.08,1.0,0.22,0.07,0.07,0.27,0.49,0.24,0.05,0.99,1.0,0.58,0.83,0.88,0.93,0.99,0.99,0.99
P05331,0.99,0.97,0.97,0.96,0.91,0.86,0.82,0.05,0.02,0.87,1.0,0.47,0.01,0.03,0.82,1.0,0.04,1.0,0.22,0.06,0.03,0.09,0.02,0.24,0.05,0.99,1.0,0.58,0.83,0.88,0.93,0.99,0.99,0.99
P05328,0.99,0.97,0.97,0.96,0.91,0.86,0.82,0.16,0.07,0.87,1.0,0.47,0.95,0.09,0.82,1.0,0.41,1.0,0.15,0.11,0.27,0.27,0.49,0.24,0.2,0.99,1.0,0.13,0.83,0.88,0.93,0.99,0.99,0.99
P00001,0.99,0.97,0.97,0.96,0.91,0.86,0.82,0.44,0.07,0.0,1.0,0.14,0.95,0.23,0.82,1.0,0.41,1.0,0.15,0.29,0.28,0.01,0.06,0.09,0.09,0.99,1.0,0.58,0.83,0.88,0.93,0.99,0.99,0.99
P00025,0.99,0.97,0.97,0.96,0.91,0.86,0.82,0.44,0.07,0.01,1.0,0.14,0.95,0.29,0.82,1.0,0.41,1.0,0.15,0.29,0.28,0.09,0.03,0.08,0.01,0.99,1.0,0.58,0.83,0.88,0.93,0.99,0.99,0.99
P02980,0.99,0.97,0.97,0.96,0.91,0.86,0.82,0.44,0.48,0.07,1.0,0.14,0.95,0.29,0.82,1.0,0.41,1.0,0.15,0.29,0.28,0.01,0.03,0.09,0.09,0.99,1.0,0.58,0.83,0.88,0.93,0.99,0.99,0.99
P02919,0.99,0.97,0.97,0.96,0.91,0.86,0.82,0.07,0.48,0.87,1.0,0.03,0.95,0.23,0.82,1.0,0.41,1.0,0.01,0.29,0.28,0.13,0.04,0.07,0.08,0.99,1.0,0.58,0.83,0.88,0.93,0.99,0.99,0.99
P02903,0.99,0.97,0.97,0.96,0.91,0.86,0.82,0.44,0.48,0.87,1.0,0.47,0.95,0.23,0.82,1.0,0.06,1.0,0.04,0.06,0.03,0.27,0.04,0.07,0.05,0.99,1.0,0.58,0.83,0.88,0.93,0.99,0.99,0.99
P05838,0.99,0.97,0.97,0.96,0.91,0.03,0.01,0.0,0.05,0.87,1.0,0.47,0.95,0.0,0.05,1.0,0.08,1.0,0.12,0.1,0.28,0.09,0.02,0.02,0.08,0.99,1.0,0.58,0.83,0.88,0.93,0.99,0.99,0.99
P03752,0.99,0.97,0.97,0.96,0.91,0.86,0.82,0.04,0.03,0.87,1.0,0.47,0.95,0.07,0.82,1.0,0.03,1.0,0.11,0.02,0.03,0.09,0.49,0.24,0.21,0.99,1.0,0.13,0.83,0.88,0.93,0.99,0.99,0.99
P03901,0.99,0.97,0.97,0.96,0.91,0.86,0.82,0.04,0.03,0.87,1.0,0.47,0.95,0.07,0.82,1.0,0.03,1.0,0.11,0.02,0.03,0.09,0.49,0.24,0.21,0.99,1.0,0.13,0.83,0.88,0.93,0.99,0.99,0.99
P02891,0.99,0.97,0.97,0.96,0.91,0.86,0.82,0.04,0.48,0.87,1.0,0.47,0.95,0.09,0.0,1.0,0.02,1.0,0.11,0.02,0.01,0.01,0.49,0.24,0.05,0.99,1.0,0.13,0.02,0.04,0.93,0.99,0.99,0.99
P02893,0.99,0.97,0.97,0.96,0.91,0.86,0.82,0.44,0.48,0.87,1.0,0.47,0.95,0.03,0.82,1.0,0.41,1.0,0.11,0.01,0.01,0.03,0.49,0.24,0.05,0.99,1.0,0.13,0.83,0.88,0.93,0.99,0.99,0.99
P02897,0.99,0.97,0.97,0.96,0.91,0.86,0.82,0.44,0.48,0.87,1.0,0.47,0.95,0.03,0.02,1.0,0.41,1.0,0.11,0.01,0.01,0.03,0.49,0.24,0.05,0.99,1.0,0.13,0.83,0.88,0.93,0.99,0.99,0.99
P02899,0.99,0.97,0.97,0.96,0.91,0.86,0.82,0.44,0.48,0.87,1.0,0.01,0.95,0.29,0.82,1.0,0.06,1.0,0.03,0.03,0.27,0.01,0.01,0.24,0.05,0.99,1.0,0.06,0.01,0.04,0.93,0.99,0.99,0.99
P03005,0.99,0.97,0.97,0.96,0.91,0.86,0.82,0.44,0.48,0.87,1.0,0.47,0.95,0.09,0.82,1.0,0.21,1.0,0.07,0.16,0.08,0.09,0.49,0.24,0.2,0.99,1.0,0.13,0.83,0.88,0.93,0.99,0.99,0.99
P03007,0.99,0.97,0.97,0.96,0.91,0.86,0.82,0.44,0.07,0.87,1.0,0.47,0.95,0.09,0.82,1.0,0.21,1.0,0.07,0.16,0.08,0.09,0.49,0.24,0.2,0.99,1.0,0.13,0.83,0.88,0.93,0.99,0.99,0.99
P03009,0.99,0.97,0.97,0.96,0.91,0.86,0.82,0.44,0.03,0.87,1.0,0.47,0.95,0.09,0.82,1.0,0.21,1.0,0.07,0.16,0.27,0.09,0.49,0.24,0.2,0.99,1.0,0.13,0.05,0.04,0.93,0.99,0.99,0.99
P02887,0.99,0.97,0.97,0.96,0.91,0.86,0.82,0.44,0.48,0.87,1.0,0.47,0.95,0.29,0.82,1.0,0.41,1.0,0.12,0.1,0.27,0.27,0.49,0.24,0.03,0.99,1.0,0.06,0.01,0.88,0.93,0.99,0.99,0.99
P02889,0.99,0.97,0.97,0.96,0.91,0.86,0.82,0.0,0.48,0.87,1.0,0.47,0.95,0.23,0.82,1.0,0.41,1.0,0.22,0.1,0.27,0.27,0.49,0.07,0.05,0.99,1.0,0.06,0.01,0.88,0.93,0.99,0.99,0.99
P08071,0.99,0.97,0.97,0.96,0.91,0.86,0.82,0.44,0.01,0.87,1.0,0.47,0.95,0.04,0.82,1.0,0.01,1.0,0.03,0.01,0.27,0.27,0.06,0.02,0.05,0.99,1.0,0.58,0.83,0.88,0.93,0.99,0.99,0.99
P01634,0.99,0.97,0.97,0.96,0.91,0.01,0.01,0.0,0.01,0.87,1.0,0.02,0.95,0.04,0.82,1.0,0.41,1.0,0.11,0.02,0.27,0.27,0.06,0.02,0.03,0.99,1.0,0.58,0.83,0.88,0.93,0.99,0.99,0.99
P08075,0.99,0.97,0.97,0.96,0.91,0.86,0.82,0.44,0.07,0.87,1.0,0.02,0.95,0.04,0.82,1.0,0.41,1.0,0.11,0.02,0.27,0.27,0.06,0.02,0.03,0.99,1.0,0.58,0.83,0.88,0.93,0.99,0.99,0.99
P04228,0.99,0.97,0.97,0.96,0.91,0.86,0.82,0.06,0.48,0.87,1.0,0.47,0.95,0.29,0.82,1.0,0.41,1.0,0.04,0.07,0.27,0.27,0.49,0.2,0.08,0.99,1.0,0.58,0.83,0.88,0.93,0.99,0.99,0.99
P02716,0.99,0.97,0.97,0.96,0.91,0.86,0.82,0.05,0.14,0.87,1.0,0.47,0.95,0.15,0.82,1.0,0.05,1.0,0.07,0.04,0.08,0.27,0.49,0.24,0.21,0.99,1.0,0.13,0.83,0.88,0.93,0.99,0.99,0.99
P02883,0.99,0.97,0.97,0.96,0.91,0.86,0.05,0.05,0.01,0.87,1.0,0.47,0.95,0.29,0.82,1.0,0.41,1.0,0.07,0.16,0.03,0.27,0.49,0.24,0.2,0.99,1.0,0.58,0.83,0.88,0.93,0.99,0.99,0.99
P06429,0.99,0.97,0.97,0.96,0.91,0.86,0.82,0.44,0.48,0.87,1.0,0.47,0.95,0.07,0.82,1.0,0.21,1.0,0.03,0.11,0.27,0.0,0.49,0.2,0.21,0.99,1.0,0.58,0.83,0.88,0.93,0.99,0.99,0.99
P03753,0.99,0.97,0.97,0.96,0.91,0.86,0.82,0.44,0.48,0.87,1.0,0.47,0.95,0.07,0.82,1.0,0.21,1.0,0.03,0.11,0.27,0.27,0.49,0.2,0.2,0.99,1.0,0.58,0.83,0.88,0.93,0.99,0.99,0.99
P02717,0.99,0.97,0.97,0.96,0.91,0.86,0.82,0.44,0.14,0.87,1.0,0.47,0.95,0.29,0.82,1.0,0.41,1.0,0.07,0.16,0.03,0.27,0.49,0.24,0.2,0.99,1.0,0.06,0.83,0.88,0.93,0.99,0.99,0.99
P02881,0.99,0.97,0.97,0.96,0.91,0.86,0.82,0.44,0.48,0.87,1.0,0.47,0.95,0.07,0.82,1.0,0.21,1.0,0.03,0.11,0.27,0.27,0.49,0.2,0.21,0.99,1.0,0.58,0.83,0.88,0.93,0.99,0.99,0.99
P05345,0.99,0.97,0.97,0.96,0.91,0.86,0.82,0.44,0.48,0.87,1.0,0.47,0.95,0.15,0.82,1.0,0.21,1.0,0.11,0.01,0.07,0.27,0.49,0.2,0.21,0.99,1.0,0.58,0.83,0.88,0.93,0.99,0.99,0.99
P05832,0.99,0.97,0.97,0.96,0.91,0.01,0.01,0.05,0.03,0.87,1.0,0.03,0.95,0.09,0.02,1.0,0.01,1.0,0.04,0.29,0.28,0.01,0.49,0.06,0.07,0.99,1.0,0.58,0.83,0.88,0.93,0.99,0.99,0.99
P06831,0.99,0.97,0.97,0.96,0.91,0.86,0.82,0.44,0.48,0.87,1.0,0.47,0.95,0.29,0.82,1.0,0.06,1.0,0.12,0.11,0.01,0.01,0.49,0.06,0.2,0.99,1.0,0.58,0.83,0.88,0.93,0.99,0.99,0.99
P08417,0.99,0.97,0.97,0.96,0.91,0.86,0.82,0.44,0.48,0.87,1.0,0.47,0.95,0.29,0.82,1.0,0.06,1.0,0.02,0.11,0.01,0.01,0.49,0.06,0.2,0.99,1.0,0.58,0.83,0.88,0.93,0.99,0.99,0.99
P04200,0.99,0.97,0.97,0.96,0.91,0.86,0.82,0.44,0.48,0.87,1.0,0.47,0.95,0.23,0.82,1.0,0.41,1.0,0.02,0.16,0.27,0.27,0.49,0.03,0.2,0.99,1.0,0.58,0.83,0.88,0.93,0.99,0.99,0.99
P04267,0.99,0.97,0.97,0.96,0.91,0.86,0.82,0.44,0.48,0.87,1.0,0.47,0.95,0.15,0.82,1.0,0.21,1.0,0.03,0.11,0.27,0.27,0.49,0.2,0.21,0.99,1.0,0.58,0.83,0.88,0.93,0.99,0.99,0.99
P06579,0.99,0.97,0.97,0.96,0.91,0.86,0.82,0.05,0.03,0.87,1.0,0.03,0.95,0.07,0.01,1.0,0.01,1.0,0.04,0.29,0.28,0.01,0.49,0.06,0.07,0.99,1.0,0.58,0.83,0.88,0.93,0.99,0.99,0.99
P02539,0.99,0.97,0.97,0.96,0.91,0.86,0.82,0.44,0.48,0.87,1.0,0.47,0.95,0.15,0.82,1.0,0.05,1.0,0.07,0.01,0.03,0.27,0.49,0.24,0.2,0.99,1.0,0.58,0.83,0.88,0.93,0.99,0.99,0.99
P06858,0.99,0.97,0.97,0.96,0.91,0.86,0.82,0.04,0.05,0.87,1.0,0.47,0.95,0.23,0.82,1.0,0.21,1.0,0.22,0.02,0.27,0.27,0.49,0.2,0.07,0.99,1.0,0.58,0.83,0.88,0.93,0.99,0.99,0.99
P03712,0.99,0.97,0.97,0.96,0.91,0.86,0.82,0.06,0.48,0.87,1.0,0.47,0.95,0.09,0.82,1.0,0.21,1.0,0.22,0.16,0.08,0.27,0.49,0.03,0.03,0.99,1.0,0.58,0.83,0.88,0.93,0.99,0.99,0.99
P07652,0.99,0.97,0.97,0.96,0.91,0.86,0.82,0.06,0.48,0.87,1.0,0.47,0.95,0.29,0.82,1.0,0.06,1.0,0.03,0.01,0.07,0.27,0.49,0.06,0.04,0.99,1.0,0.13,0.83,0.88,0.93,0.99,0.99,0.99
P06521,0.99,0.97,0.97,0.96,0.01,0.01,0.02,0.16,0.02,0.87,1.0,0.05,0.95,0.03,0.01,1.0,0.0,1.0,0.01,0.01,0.02,0.01,0.49,0.01,0.03,0.99,1.0,0.58,0.83,0.88,0.93,0.99,0.99,0.99
P06520,0.99,0.97,0.97,0.96,0.01,0.03,0.01,0.06,0.03,0.87,1.0,0.05,0.95,0.04,0.82,1.0,0.08,1.0,0.22,0.04,0.07,0.01,0.49,0.02,0.21,0.99,1.0,0.58,0.83,0.88,0.93,0.99,0.99,0.99
P04193,0.99,0.97,0.97,0.0,0.0,0.03,0.01,0.01,0.02,0.87,1.0,0.03,0.95,0.07,0.03,1.0,0.01,1.0,0.03,0.02,0.02,0.09,0.49,0.2,0.21,0.99,1.0,0.05,0.83,0.88,0.93,0.99,0.99,0.99
P04195,0.99,0.97,0.97,0.96,0.02,0.03,0.05,0.06,0.02,0.87,1.0,0.01,0.95,0.03,0.03,1.0,0.03,1.0,0.01,0.03,0.03,0.09,0.04,0.02,0.03,0.01,1.0,0.03,0.83,0.88,0.93,0.99,0.99,0.99
P04194,0.99,0.97,0.97,0.96,0.02,0.03,0.05,0.06,0.02,0.87,1.0,0.01,0.95,0.03,0.03,1.0,0.03,1.0,0.01,0.03,0.03,0.09,0.04,0.02,0.03,0.0,1.0,0.03,0.83,0.88,0.93,0.99,0.99,0.99
P04934,0.99,0.97,0.97,0.96,0.91,0.86,0.82,0.04,0.07,0.87,1.0,0.47,0.95,0.03,0.02,1.0,0.02,1.0,0.12,0.29,0.28,0.13,0.08,0.07,0.08,0.99,1.0,0.06,0.03,0.01,0.01,0.99,0.99,0.99
